{"stats":{"minecraft:dropped":{"minecraft:gravel":7,"minecraft:wheat_seeds":1,"minecraft:cobbled_deepslate":49,"minecraft:tuff":23,"minecraft:rotten_flesh":4,"artifacts:whoopee_cushion":1,"minecraft:clay_ball":84,"minecraft:spruce_door":2,"patchouli:guide_book":1,"supplementaries:antique_ink":3,"minecraft:azalea":3,"minecraft:amethyst_shard":12,"minecraft:flowering_azalea":2,"minecraft:spruce_sapling":24,"minecraft:redstone":9},"minecraft:killed_by":{"minecraft:player":1},"minecraft:broken":{"minecraft:stone_pickaxe":1,"minecraft:iron_pickaxe":2,"minecraft:wooden_axe":1},"minecraft:killed":{"minecraft:spider":1,"minecraft:skeleton":1,"minecraft:zombie":3,"minecraft:player":1,"artifacts:mimic":2},"minecraft:crafted":{"minecraft:raw_iron":9,"minecraft:crafting_table":1,"minecraft:spruce_planks":32,"minecraft:iron_helmet":1,"minecraft:wooden_pickaxe":1,"minecraft:iron_sword":1,"minecraft:spruce_door":3,"minecraft:furnace":1,"minecraft:bucket":1,"minecraft:air":0,"minecraft:iron_boots":1,"minecraft:iron_chestplate":1,"minecraft:shield":1,"minecraft:iron_axe":1,"minecraft:stick":20,"minecraft:iron_ingot":58,"minecraft:iron_pickaxe":3,"minecraft:stone_pickaxe":2,"minecraft:wooden_axe":1,"minecraft:stone_sword":1,"minecraft:iron_shovel":1,"minecraft:iron_leggings":1,"minecraft:torch":32},"minecraft:custom":{"lootr:looted_stat":2,"minecraft:interact_with_furnace":41,"minecraft:mob_kills":7,"minecraft:interact_with_cartography_table":3,"minecraft:interact_with_crafting_table":26,"minecraft:open_barrel":41,"minecraft:interact_with_campfire":34,"minecraft:leave_game":2,"minecraft:time_since_death":65025,"minecraft:sleep_in_bed":2,"minecraft:climb_one_cm":2650,"minecraft:time_since_rest":47320,"minecraft:sprint_one_cm":122228,"minecraft:damage_taken":652,"minecraft:walk_one_cm":130958,"minecraft:damage_blocked_by_shield":30,"minecraft:drop":30,"minecraft:damage_dealt":2210,"minecraft:swim_one_cm":11059,"minecraft:fly_one_cm":97115,"minecraft:player_kills":1,"minecraft:open_chest":3,"minecraft:crouch_one_cm":7540,"minecraft:play_time":71170,"minecraft:deaths":1,"minecraft:sneak_time":3192,"minecraft:walk_under_water_one_cm":4397,"minecraft:jump":633,"minecraft:walk_on_water_one_cm":7371,"minecraft:total_world_time":71170,"minecraft:fall_one_cm":17797},"minecraft:picked_up":{"minecraft:crafting_table":6,"minecraft:clay_ball":124,"minecraft:tuff":34,"minecraft:yellow_bed":1,"artifacts:cloud_in_a_bottle":1,"minecraft:lapis_lazuli":26,"minecraft:blue_bed":1,"minecraft:red_bed":1,"minecraft:cooked_salmon":20,"minecraft:wheat_seeds":1,"minecraft:cobbled_deepslate":192,"minecraft:raw_gold":7,"artifacts:whoopee_cushion":1,"minecraft:azalea":3,"minecraft:gray_bed":1,"minecraft:flowering_azalea":2,"minecraft:furnace":4,"minecraft:stick":11,"minecraft:raw_iron":49,"patchouli:guide_book":2,"minecraft:torch":15,"minecraft:green_bed":1,"minecraft:raw_iron_block":1,"minecraft:gravel":7,"minecraft:amethyst_shard":12,"minecraft:spruce_sapling":24,"minecraft:redstone":9,"minecraft:spruce_log":52,"minecraft:spruce_door":5,"minecraft:purple_bed":2,"minecraft:rotten_flesh":4,"minecraft:cooked_cod":14,"minecraft:diamond":7,"supplementaries:antique_ink":3,"minecraft:emerald":3,"supplementaries:ash":5,"minecraft:glow_berries":3,"minecraft:coal":119,"minecraft:cobblestone":30},"minecraft:used":{"minecraft:water_bucket":16,"minecraft:stone_sword":8,"minecraft:iron_shovel":46,"minecraft:spruce_door":4,"minecraft:tropical_fish":6,"minecraft:stone_pickaxe":165,"minecraft:dried_kelp":4,"minecraft:shield":1,"minecraft:wooden_pickaxe":10,"minecraft:iron_sword":28,"minecraft:cooked_salmon":2,"minecraft:iron_chestplate":1,"minecraft:torch":21,"minecraft:glow_berries":3,"minecraft:crafting_table":6,"minecraft:tuff":3,"minecraft:wooden_axe":20,"minecraft:iron_axe":6,"minecraft:iron_pickaxe":542,"minecraft:iron_helmet":1,"minecraft:iron_boots":1,"minecraft:fishing_rod":2,"minecraft:cobblestone":5,"minecraft:purple_bed":1,"supplementaries:ash":5,"minecraft:furnace":4,"minecraft:cooked_cod":8,"minecraft:bucket":17,"minecraft:cobbled_deepslate":29,"minecraft:iron_leggings":1},"minecraft:mined":{"minecraft:deepslate_redstone_ore":2,"minecraft:tuff":35,"minecraft:flowering_azalea":1,"minecraft:red_bed":1,"minecraft:deepslate_diamond_ore":7,"minecraft:spruce_door":1,"minecraft:torch":1,"minecraft:clay":21,"minecraft:crafting_table":6,"minecraft:tall_grass":2,"minecraft:spruce_leaves":1,"minecraft:deepslate_gold_ore":7,"minecraft:wall_torch":2,"minecraft:blue_bed":1,"supplementaries:urn":6,"minecraft:purple_bed":2,"minecraft:raw_iron_block":1,"minecraft:spruce_sapling":2,"minecraft:furnace":4,"minecraft:iron_ore":15,"minecraft:cobbled_deepslate":1,"minecraft:gray_bed":1,"minecraft:spruce_log":10,"minecraft:deepslate_lapis_ore":4,"minecraft:yellow_bed":1,"minecraft:grass":2,"minecraft:deepslate_iron_ore":34,"minecraft:coal_ore":49,"minecraft:gravel":17,"minecraft:azalea":2,"minecraft:stone":30,"minecraft:deepslate":165,"minecraft:green_bed":1}},"DataVersion":3465}