{"stats":{"minecraft:killed":{"minecraft:witch":1,"minecraft:spider":9,"creeperoverhaul:snowy_creeper":1,"naturalist:coral_snake":1,"minecraft:skeleton":12,"minecraft:chicken":12,"artifacts:mimic":2,"minecraft:piglin":4,"minecraft:pig":8,"minecraft:sheep":9,"minecraft:zombie":13,"minecraft:player":1,"minecraft:cow":14},"minecraft:custom":{"minecraft:interact_with_smithing_table":4,"lootr:looted_stat":33,"minecraft:mob_kills":90,"minecraft:interact_with_crafting_table":68,"minecraft:open_barrel":42,"minecraft:interact_with_campfire":42,"minecraft:leave_game":5,"minecraft:time_since_death":239468,"minecraft:climb_one_cm":12453,"minecraft:sprint_one_cm":467803,"minecraft:walk_one_cm":399269,"minecraft:damage_blocked_by_shield":1330,"minecraft:drop":63,"minecraft:play_time":245613,"minecraft:deaths":1,"minecraft:sneak_time":12868,"minecraft:walk_under_water_one_cm":42854,"minecraft:jump":3381,"minecraft:interact_with_blast_furnace":9,"minecraft:walk_on_water_one_cm":32772,"minecraft:total_world_time":245613,"minecraft:interact_with_furnace":55,"minecraft:play_record":2,"minecraft:interact_with_cartography_table":3,"minecraft:sleep_in_bed":12,"minecraft:time_since_rest":22169,"minecraft:damage_taken":2461,"minecraft:damage_dealt":13253,"minecraft:player_kills":1,"minecraft:swim_one_cm":47079,"minecraft:fly_one_cm":1147179,"minecraft:open_chest":95,"minecraft:crouch_one_cm":40593,"minecraft:interact_with_smoker":17,"minecraft:fall_one_cm":251385},"minecraft:used":{"minecraft:moss_carpet":1,"minecraft:stone_sword":8,"minecraft:iron_shovel":234,"minecraft:flint_and_steel":3,"minecraft:tropical_fish":6,"minecraft:dried_kelp":4,"minecraft:chest":4,"minecraft:shield":46,"minecraft:iron_sword":275,"minecraft:cooked_chicken":1,"minecraft:cooked_salmon":20,"minecraft:rotten_flesh":3,"minecraft:iron_chestplate":1,"minecraft:torch":31,"minecraft:soul_sand":1,"minecraft:tuff":3,"minecraft:granite":1,"minecraft:wooden_axe":20,"minecraft:lava_bucket":7,"minecraft:music_disc_pigstep":2,"minecraft:iron_axe":42,"minecraft:iron_helmet":1,"minecraft:iron_boots":1,"minecraft:golden_carrot":2,"minecraft:sweet_berries":2,"supplementaries:ash":5,"minecraft:furnace":6,"minecraft:cooked_cod":14,"minecraft:egg":1,"comforts:sleeping_bag_white":1,"travelersbackpack:fox":1,"minecraft:cooked_beef":4,"minecraft:cobbled_deepslate":264,"minecraft:iron_leggings":1,"minecraft:water_bucket":83,"minecraft:spruce_door":7,"minecraft:stone_pickaxe":165,"minecraft:wooden_pickaxe":10,"minecraft:green_bed":1,"minecraft:clay":4,"minecraft:polished_blackstone_bricks":1,"minecraft:glow_berries":3,"minecraft:crafting_table":10,"minecraft:red_bed":1,"minecraft:blast_furnace":1,"minecraft:campfire":1,"minecraft:smoker":1,"minecraft:iron_pickaxe":1624,"minecraft:spruce_sapling":1,"minecraft:gravel":5,"minecraft:coal_block":4,"minecraft:fishing_rod":2,"minecraft:potion":1,"minecraft:cobblestone":67,"minecraft:purple_bed":2,"minecraft:cooked_porkchop":4,"minecraft:smithing_table":1,"minecraft:bucket":97,"minecraft:jukebox":2},"minecraft:mined":{"minecraft:tuff":41,"minecraft:deepslate_diamond_ore":35,"minecraft:sculk_vein":1,"minecraft:cave_vines_plant":2,"minecraft:granite":1,"minecraft:cracked_polished_blackstone_bricks":1,"minecraft:spruce_leaves":9,"minecraft:moss_block":20,"minecraft:large_fern":3,"minecraft:polished_blackstone_bricks":8,"minecraft:raw_iron_block":1,"minecraft:magma_block":1,"minecraft:spruce_sapling":5,"minecraft:glowstone":1,"minecraft:furnace":5,"minecraft:nether_sprouts":1,"minecraft:iron_ore":17,"minecraft:fire":3,"minecraft:cobbled_deepslate":46,"minecraft:snow":1,"minecraft:moss_carpet":1,"minecraft:deepslate_lapis_ore":8,"minecraft:gold_block":3,"minecraft:sculk_shrieker":1,"minecraft:cave_vines":2,"minecraft:deepslate_iron_ore":44,"minecraft:azalea":2,"minecraft:stone":139,"minecraft:green_bed":4,"minecraft:deepslate_redstone_ore":2,"minecraft:flowering_azalea":1,"minecraft:blackstone":4,"minecraft:red_bed":5,"minecraft:soul_sand":10,"minecraft:smoker":1,"minecraft:snow_block":1,"minecraft:soul_fire":3,"minecraft:spruce_door":1,"minecraft:powder_snow":5,"minecraft:crafting_table":9,"minecraft:clay":42,"minecraft:torch":1,"minecraft:blast_furnace":1,"minecraft:sculk_sensor":2,"minecraft:copper_ore":2,"minecraft:tall_grass":2,"minecraft:cobblestone":12,"minecraft:deepslate_gold_ore":7,"minecraft:damaged_anvil":1,"minecraft:wall_torch":2,"minecraft:blue_bed":2,"minecraft:deepslate_copper_ore":1,"supplementaries:urn":7,"minecraft:purple_bed":2,"minecraft:mud":2,"ribbits:toadstool_stem":3,"minecraft:sweet_berry_bush":1,"minecraft:gray_bed":2,"minecraft:spruce_log":10,"minecraft:jukebox":1,"minecraft:yellow_bed":3,"minecraft:grass":7,"minecraft:coal_ore":66,"minecraft:gravel":42,"minecraft:sand":32,"minecraft:dirt":7,"minecraft:polished_blackstone":1,"minecraft:netherrack":9,"minecraft:deepslate":404},"minecraft:dropped":{"minecraft:water_bucket":1,"minecraft:clay":2,"minecraft:soul_sand":9,"minecraft:moss_block":1,"minecraft:wheat_seeds":1,"minecraft:lapis_lazuli":11,"minecraft:glass_bottle":3,"minecraft:diamond":11,"minecraft:feather":8,"artifacts:whoopee_cushion":1,"minecraft:spruce_door":2,"minecraft:amethyst_shard":12,"minecraft:flowering_azalea":2,"minecraft:mud":2,"minecraft:spruce_sapling":37,"minecraft:redstone":9,"minecraft:gravel":19,"minecraft:moss_carpet":1,"minecraft:cobbled_deepslate":49,"minecraft:wheat":7,"minecraft:tuff":28,"minecraft:rotten_flesh":5,"minecraft:clay_ball":92,"minecraft:smoker":1,"minecraft:glowstone_dust":1,"ribbits:toadstool_stem":2,"supplementaries:antique_ink":3,"patchouli:guide_book":1,"minecraft:spruce_planks":6,"minecraft:azalea":4,"minecraft:spider_eye":2,"minecraft:spruce_log":120,"minecraft:arrow":2,"minecraft:wooden_pickaxe":1,"minecraft:netherrack":1},"minecraft:killed_by":{"minecraft:player":1},"minecraft:broken":{"minecraft:stone_pickaxe":1,"minecraft:iron_sword":1,"minecraft:iron_pickaxe":6,"minecraft:wooden_axe":1},"minecraft:crafted":{"minecraft:raw_iron":9,"minecraft:jukebox":1,"minecraft:cooked_chicken":8,"comforts:sleeping_bag_white":1,"minecraft:furnace":2,"minecraft:stone_button":2,"minecraft:stone":2,"minecraft:cooked_mutton":20,"minecraft:flint_and_steel":1,"minecraft:glass":12,"minecraft:iron_boots":1,"minecraft:iron_axe":1,"minecraft:stone_pickaxe":2,"minecraft:chest":5,"travelersbackpack:fox":1,"minecraft:netherite_upgrade_smithing_template":8,"minecraft:smoker":1,"minecraft:cooked_beef":29,"minecraft:coal_block":4,"travelersbackpack:standard":1,"minecraft:cooked_porkchop":13,"travelersbackpack:backpack_tank":2,"minecraft:crafting_table":2,"minecraft:spruce_planks":108,"minecraft:iron_helmet":1,"minecraft:wooden_pickaxe":1,"minecraft:iron_sword":2,"minecraft:spruce_door":6,"minecraft:smithing_table":1,"minecraft:bucket":2,"minecraft:campfire":1,"minecraft:air":0,"scout:pouch":2,"minecraft:iron_chestplate":1,"minecraft:shield":1,"minecraft:stick":36,"minecraft:iron_ingot":67,"minecraft:iron_pickaxe":7,"minecraft:wooden_axe":1,"minecraft:stone_sword":1,"minecraft:iron_leggings":1,"minecraft:iron_shovel":1,"minecraft:gold_ingot":1,"minecraft:torch":40,"minecraft:clay":4},"minecraft:picked_up":{"minecraft:mud":2,"minecraft:crafting_table":9,"minecraft:chicken":12,"minecraft:clay_ball":196,"minecraft:gold_block":3,"ribbits:toadstool_stem":2,"minecraft:string":9,"minecraft:red_bed":5,"minecraft:moss_carpet":4,"minecraft:raw_copper":10,"minecraft:cooked_salmon":20,"minecraft:blackstone":1,"minecraft:gold_nugget":2,"minecraft:cobbled_deepslate":446,"comforts:sleeping_bag_white":1,"minecraft:spruce_planks":8,"minecraft:beef":29,"minecraft:azalea":4,"minecraft:chest":2,"minecraft:furnace":5,"minecraft:egg":1,"minecraft:raw_iron":58,"minecraft:stick":29,"minecraft:jukebox":1,"minecraft:torch":15,"minecraft:green_bed":4,"minecraft:porkchop":17,"minecraft:polished_blackstone_bricks":5,"minecraft:music_disc_pigstep":2,"minecraft:redstone":9,"minecraft:arrow":11,"minecraft:rotten_flesh":19,"minecraft:cooked_cod":14,"supplementaries:antique_ink":3,"supplementaries:ash":5,"minecraft:glow_berries":3,"minecraft:mutton":20,"minecraft:snowball":5,"minecraft:white_wool":11,"minecraft:cobblestone":150,"minecraft:feather":8,"minecraft:water_bucket":1,"minecraft:leather":16,"minecraft:smoker":1,"minecraft:potato":1,"minecraft:flint":4,"minecraft:tuff":39,"minecraft:yellow_bed":3,"artifacts:cloud_in_a_bottle":1,"minecraft:lapis_lazuli":61,"minecraft:blue_bed":2,"minecraft:dirt":6,"minecraft:bone":1,"minecraft:wheat_seeds":2,"minecraft:raw_gold":13,"artifacts:whoopee_cushion":1,"minecraft:cooked_chicken":4,"minecraft:glass_bottle":2,"minecraft:glowstone_dust":3,"minecraft:gray_bed":2,"minecraft:moss_block":14,"minecraft:flowering_azalea":2,"minecraft:soul_sand":10,"minecraft:cooked_porkchop":4,"minecraft:sweet_berries":22,"patchouli:guide_book":2,"minecraft:raw_iron_block":1,"minecraft:gravel":26,"minecraft:sand":32,"minecraft:amethyst_shard":12,"minecraft:spruce_sapling":52,"minecraft:blast_furnace":1,"minecraft:spruce_log":280,"minecraft:spruce_door":5,"minecraft:spider_eye":2,"minecraft:purple_bed":2,"minecraft:clay":2,"minecraft:diamond":46,"minecraft:granite":1,"minecraft:emerald":9,"minecraft:damaged_anvil":1,"minecraft:netherrack":9,"minecraft:coal":136}},"DataVersion":3465}