{"stats":{"minecraft:killed":{"minecraft:zombie":2,"minecraft:spider":1,"minecraft:player":1},"minecraft:dropped":{"minecraft:rotten_flesh":1,"patchouli:guide_book":1},"minecraft:crafted":{"minecraft:crafting_table":1,"minecraft:spruce_planks":12,"minecraft:stick":4,"minecraft:stone_pickaxe":1,"minecraft:wooden_pickaxe":1,"minecraft:wooden_axe":1,"minecraft:stone_sword":1,"minecraft:torch":32},"minecraft:killed_by":{"minecraft:player":1},"minecraft:broken":{"minecraft:wooden_axe":1},"minecraft:picked_up":{"minecraft:raw_iron":3,"minecraft:stick":11,"minecraft:crafting_table":1,"patchouli:guide_book":2,"minecraft:green_bed":1,"minecraft:spruce_sapling":8,"minecraft:yellow_bed":1,"minecraft:spruce_log":52,"minecraft:blue_bed":1,"minecraft:red_bed":1,"minecraft:cooked_salmon":20,"minecraft:purple_bed":2,"minecraft:rotten_flesh":3,"minecraft:cooked_cod":14,"minecraft:gray_bed":1,"minecraft:glow_berries":2,"minecraft:coal":13,"minecraft:cobblestone":13},"minecraft:custom":{"minecraft:time_since_rest":5510,"minecraft:sprint_one_cm":73172,"minecraft:damage_taken":312,"minecraft:walk_one_cm":57570,"minecraft:mob_kills":3,"minecraft:drop":2,"minecraft:damage_dealt":608,"minecraft:swim_one_cm":3562,"minecraft:interact_with_crafting_table":6,"minecraft:player_kills":1,"minecraft:fly_one_cm":59643,"minecraft:open_barrel":41,"minecraft:open_chest":3,"minecraft:crouch_one_cm":2135,"minecraft:play_time":29360,"minecraft:interact_with_campfire":34,"minecraft:deaths":1,"minecraft:sneak_time":1073,"minecraft:walk_under_water_one_cm":1676,"minecraft:jump":320,"minecraft:leave_game":1,"minecraft:time_since_death":23215,"minecraft:walk_on_water_one_cm":1495,"minecraft:sleep_in_bed":2,"minecraft:total_world_time":29360,"minecraft:climb_one_cm":2211,"minecraft:fall_one_cm":5906},"minecraft:used":{"minecraft:wooden_axe":20,"minecraft:stone_sword":8,"minecraft:tropical_fish":6,"minecraft:stone_pickaxe":48,"minecraft:wooden_pickaxe":10,"minecraft:cooked_salmon":2,"minecraft:fishing_rod":2,"minecraft:cobblestone":5,"minecraft:purple_bed":1,"minecraft:crafting_table":1},"minecraft:mined":{"minecraft:purple_bed":2,"minecraft:spruce_sapling":2,"minecraft:red_bed":1,"minecraft:iron_ore":3,"minecraft:gray_bed":1,"minecraft:spruce_log":10,"minecraft:crafting_table":1,"minecraft:yellow_bed":1,"minecraft:coal_ore":13,"minecraft:spruce_leaves":1,"minecraft:stone":13,"minecraft:blue_bed":1,"minecraft:green_bed":1}},"DataVersion":3465}