{"stats":{"minecraft:dropped":{"minecraft:wheat_seeds":1,"minecraft:rotten_flesh":3,"patchouli:guide_book":1,"minecraft:azalea":3,"minecraft:flowering_azalea":2},"minecraft:killed_by":{"minecraft:player":1},"minecraft:broken":{"minecraft:stone_pickaxe":1,"minecraft:wooden_axe":1},"minecraft:killed":{"minecraft:spider":1,"minecraft:zombie":2,"minecraft:player":1},"minecraft:crafted":{"minecraft:crafting_table":1,"minecraft:spruce_planks":16,"minecraft:wooden_pickaxe":1,"minecraft:furnace":1,"minecraft:air":0,"minecraft:stick":12,"minecraft:iron_ingot":11,"minecraft:stone_pickaxe":2,"minecraft:wooden_axe":1,"minecraft:stone_sword":1,"minecraft:torch":32},"minecraft:custom":{"minecraft:interact_with_furnace":8,"minecraft:mob_kills":3,"minecraft:interact_with_crafting_table":9,"minecraft:open_barrel":41,"minecraft:interact_with_campfire":34,"minecraft:leave_game":2,"minecraft:time_since_death":29155,"minecraft:sleep_in_bed":2,"minecraft:climb_one_cm":2585,"minecraft:time_since_rest":11450,"minecraft:sprint_one_cm":74227,"minecraft:damage_taken":352,"minecraft:walk_one_cm":68583,"minecraft:drop":8,"minecraft:damage_dealt":608,"minecraft:swim_one_cm":3562,"minecraft:fly_one_cm":60325,"minecraft:player_kills":1,"minecraft:open_chest":3,"minecraft:crouch_one_cm":2656,"minecraft:play_time":35300,"minecraft:walk_under_water_one_cm":1676,"minecraft:deaths":1,"minecraft:sneak_time":1336,"minecraft:jump":331,"minecraft:walk_on_water_one_cm":1495,"minecraft:total_world_time":35300,"minecraft:fall_one_cm":6562},"minecraft:picked_up":{"minecraft:crafting_table":1,"minecraft:clay_ball":4,"minecraft:yellow_bed":1,"minecraft:blue_bed":1,"minecraft:red_bed":1,"minecraft:cooked_salmon":20,"minecraft:wheat_seeds":1,"minecraft:azalea":3,"minecraft:gray_bed":1,"minecraft:flowering_azalea":2,"minecraft:stick":11,"minecraft:raw_iron":11,"patchouli:guide_book":2,"minecraft:green_bed":1,"minecraft:spruce_sapling":8,"minecraft:spruce_log":52,"minecraft:purple_bed":2,"minecraft:rotten_flesh":3,"minecraft:cooked_cod":14,"minecraft:glow_berries":2,"minecraft:coal":49,"minecraft:cobblestone":26},"minecraft:used":{"minecraft:stone_sword":8,"minecraft:tropical_fish":6,"minecraft:stone_pickaxe":163,"minecraft:wooden_pickaxe":10,"minecraft:cooked_salmon":2,"minecraft:crafting_table":2,"minecraft:wooden_axe":20,"minecraft:fishing_rod":2,"minecraft:cobblestone":5,"minecraft:purple_bed":1,"minecraft:furnace":1},"minecraft:mined":{"minecraft:flowering_azalea":1,"minecraft:red_bed":1,"minecraft:clay":1,"minecraft:crafting_table":1,"minecraft:tall_grass":1,"minecraft:spruce_leaves":1,"minecraft:blue_bed":1,"minecraft:purple_bed":2,"minecraft:spruce_sapling":2,"minecraft:iron_ore":11,"minecraft:gray_bed":1,"minecraft:spruce_log":10,"minecraft:yellow_bed":1,"minecraft:grass":2,"minecraft:coal_ore":49,"minecraft:azalea":2,"minecraft:stone":26,"minecraft:green_bed":1}},"DataVersion":3465}