{"stats":{"minecraft:dropped":{"minecraft:wheat_seeds":1,"minecraft:diamond":11,"artifacts:whoopee_cushion":1,"minecraft:spruce_door":2,"minecraft:amethyst_shard":12,"minecraft:flowering_azalea":2,"minecraft:spruce_sapling":24,"minecraft:redstone":9,"minecraft:gravel":15,"minecraft:moss_carpet":1,"minecraft:cobbled_deepslate":49,"minecraft:tuff":28,"minecraft:wheat":7,"minecraft:rotten_flesh":4,"minecraft:clay_ball":92,"patchouli:guide_book":1,"supplementaries:antique_ink":3,"minecraft:spruce_planks":4,"minecraft:azalea":4,"minecraft:spruce_log":120,"minecraft:wooden_pickaxe":1,"minecraft:netherrack":1},"minecraft:killed_by":{"minecraft:player":1},"minecraft:broken":{"minecraft:stone_pickaxe":1,"minecraft:iron_pickaxe":2,"minecraft:wooden_axe":1},"minecraft:killed":{"minecraft:spider":2,"minecraft:skeleton":5,"artifacts:mimic":2,"minecraft:zombie":4,"minecraft:player":1},"minecraft:crafted":{"minecraft:raw_iron":9,"minecraft:furnace":1,"minecraft:flint_and_steel":1,"minecraft:iron_boots":1,"minecraft:iron_axe":1,"minecraft:stone_pickaxe":2,"minecraft:chest":2,"minecraft:coal_block":4,"minecraft:crafting_table":1,"minecraft:spruce_planks":48,"minecraft:wooden_pickaxe":1,"minecraft:iron_helmet":1,"minecraft:iron_sword":1,"minecraft:spruce_door":3,"minecraft:bucket":1,"minecraft:air":0,"minecraft:iron_chestplate":1,"minecraft:shield":1,"minecraft:stick":20,"minecraft:iron_ingot":58,"minecraft:iron_pickaxe":3,"minecraft:wooden_axe":1,"minecraft:stone_sword":1,"minecraft:iron_shovel":1,"minecraft:iron_leggings":1,"minecraft:torch":32},"minecraft:custom":{"lootr:looted_stat":3,"minecraft:mob_kills":14,"minecraft:interact_with_crafting_table":31,"minecraft:open_barrel":41,"minecraft:interact_with_campfire":34,"minecraft:leave_game":3,"minecraft:time_since_death":109951,"minecraft:climb_one_cm":5932,"minecraft:sprint_one_cm":177550,"minecraft:walk_one_cm":196254,"minecraft:damage_blocked_by_shield":435,"minecraft:drop":43,"minecraft:play_time":116096,"minecraft:deaths":1,"minecraft:sneak_time":9940,"minecraft:walk_under_water_one_cm":5736,"minecraft:jump":1347,"minecraft:walk_on_water_one_cm":16201,"minecraft:total_world_time":116096,"minecraft:interact_with_furnace":41,"minecraft:interact_with_cartography_table":3,"minecraft:sleep_in_bed":5,"minecraft:time_since_rest":15189,"minecraft:damage_taken":1208,"minecraft:damage_dealt":3499,"minecraft:player_kills":1,"minecraft:swim_one_cm":11059,"minecraft:fly_one_cm":306898,"minecraft:open_chest":10,"minecraft:crouch_one_cm":36002,"minecraft:fall_one_cm":70728},"minecraft:picked_up":{"minecraft:crafting_table":7,"minecraft:clay_ball":132,"minecraft:red_bed":1,"minecraft:moss_carpet":1,"minecraft:cooked_salmon":20,"minecraft:cobbled_deepslate":225,"minecraft:spruce_planks":8,"minecraft:azalea":4,"minecraft:chest":2,"minecraft:furnace":4,"minecraft:raw_iron":49,"minecraft:stick":11,"minecraft:torch":15,"minecraft:green_bed":1,"minecraft:polished_blackstone_bricks":4,"minecraft:redstone":9,"minecraft:arrow":2,"minecraft:cooked_cod":14,"minecraft:rotten_flesh":4,"supplementaries:antique_ink":3,"supplementaries:ash":5,"minecraft:glow_berries":3,"minecraft:cobblestone":30,"minecraft:flint":1,"minecraft:tuff":39,"minecraft:yellow_bed":1,"artifacts:cloud_in_a_bottle":1,"minecraft:lapis_lazuli":26,"minecraft:blue_bed":1,"minecraft:wheat_seeds":2,"minecraft:raw_gold":7,"artifacts:whoopee_cushion":1,"minecraft:gray_bed":1,"minecraft:flowering_azalea":2,"patchouli:guide_book":2,"minecraft:raw_iron_block":1,"minecraft:gravel":15,"minecraft:amethyst_shard":12,"minecraft:spruce_sapling":24,"minecraft:spruce_log":172,"minecraft:spruce_door":5,"minecraft:purple_bed":2,"minecraft:diamond":36,"minecraft:emerald":8,"minecraft:netherrack":1,"minecraft:coal":136},"minecraft:used":{"minecraft:stone_sword":8,"minecraft:iron_shovel":68,"minecraft:flint_and_steel":3,"minecraft:tropical_fish":6,"minecraft:dried_kelp":4,"minecraft:chest":2,"minecraft:shield":17,"minecraft:iron_sword":53,"minecraft:cooked_salmon":7,"minecraft:iron_chestplate":1,"minecraft:torch":25,"minecraft:tuff":3,"minecraft:wooden_axe":20,"minecraft:lava_bucket":7,"minecraft:iron_axe":8,"minecraft:iron_helmet":1,"minecraft:iron_boots":1,"supplementaries:ash":5,"minecraft:furnace":4,"minecraft:cooked_cod":14,"minecraft:cobbled_deepslate":55,"minecraft:iron_leggings":1,"minecraft:water_bucket":39,"minecraft:spruce_door":4,"minecraft:stone_pickaxe":165,"minecraft:wooden_pickaxe":10,"minecraft:polished_blackstone_bricks":1,"minecraft:glow_berries":3,"minecraft:crafting_table":8,"minecraft:iron_pickaxe":716,"minecraft:coal_block":4,"minecraft:fishing_rod":2,"minecraft:cobblestone":5,"minecraft:purple_bed":2,"minecraft:bucket":46},"minecraft:mined":{"minecraft:tuff":40,"minecraft:deepslate_diamond_ore":25,"minecraft:sculk_vein":1,"minecraft:spruce_leaves":1,"minecraft:moss_block":1,"minecraft:polished_blackstone_bricks":4,"minecraft:magma_block":1,"minecraft:raw_iron_block":1,"minecraft:spruce_sapling":2,"minecraft:furnace":4,"minecraft:nether_sprouts":1,"minecraft:iron_ore":15,"minecraft:fire":1,"minecraft:cobbled_deepslate":11,"minecraft:deepslate_lapis_ore":4,"minecraft:sculk_shrieker":1,"minecraft:cave_vines":2,"minecraft:deepslate_iron_ore":35,"minecraft:azalea":2,"minecraft:stone":30,"minecraft:green_bed":1,"minecraft:deepslate_redstone_ore":2,"minecraft:flowering_azalea":1,"minecraft:red_bed":1,"minecraft:blackstone":3,"minecraft:spruce_door":1,"minecraft:crafting_table":7,"minecraft:clay":23,"minecraft:torch":1,"minecraft:sculk_sensor":2,"minecraft:tall_grass":2,"minecraft:deepslate_gold_ore":7,"minecraft:blue_bed":1,"minecraft:wall_torch":2,"supplementaries:urn":7,"minecraft:purple_bed":2,"minecraft:gray_bed":1,"minecraft:spruce_log":10,"minecraft:yellow_bed":1,"minecraft:grass":3,"minecraft:coal_ore":66,"minecraft:gravel":28,"minecraft:netherrack":1,"minecraft:deepslate":188}},"DataVersion":3465}