{"stats":{"minecraft:killed":{"minecraft:witch":1,"minecraft:spider":4,"creeperoverhaul:snowy_creeper":1,"naturalist:coral_snake":1,"minecraft:skeleton":10,"minecraft:chicken":7,"artifacts:mimic":2,"minecraft:piglin":4,"minecraft:pig":7,"minecraft:sheep":9,"minecraft:zombie":8,"minecraft:player":1,"minecraft:cow":14},"minecraft:custom":{"lootr:looted_stat":33,"minecraft:mob_kills":69,"minecraft:interact_with_crafting_table":44,"minecraft:open_barrel":42,"minecraft:interact_with_campfire":34,"minecraft:leave_game":4,"minecraft:time_since_death":173073,"minecraft:climb_one_cm":8167,"minecraft:sprint_one_cm":373019,"minecraft:walk_one_cm":301233,"minecraft:damage_blocked_by_shield":1165,"minecraft:drop":56,"minecraft:play_time":179218,"minecraft:deaths":1,"minecraft:sneak_time":10931,"minecraft:walk_under_water_one_cm":13108,"minecraft:jump":2447,"minecraft:walk_on_water_one_cm":20339,"minecraft:total_world_time":179218,"minecraft:interact_with_furnace":43,"minecraft:play_record":1,"minecraft:interact_with_cartography_table":3,"minecraft:sleep_in_bed":9,"minecraft:time_since_rest":2150,"minecraft:damage_taken":1746,"minecraft:damage_dealt":10524,"minecraft:player_kills":1,"minecraft:swim_one_cm":17314,"minecraft:fly_one_cm":777351,"minecraft:open_chest":35,"minecraft:crouch_one_cm":38241,"minecraft:interact_with_smoker":1,"minecraft:fall_one_cm":168572},"minecraft:used":{"minecraft:moss_carpet":1,"minecraft:stone_sword":8,"minecraft:iron_shovel":116,"minecraft:flint_and_steel":3,"minecraft:tropical_fish":6,"minecraft:dried_kelp":4,"minecraft:chest":2,"minecraft:shield":40,"minecraft:iron_sword":217,"minecraft:cooked_salmon":18,"minecraft:iron_chestplate":1,"minecraft:torch":25,"minecraft:soul_sand":1,"minecraft:tuff":3,"minecraft:wooden_axe":20,"minecraft:lava_bucket":7,"minecraft:music_disc_pigstep":1,"minecraft:iron_axe":34,"minecraft:iron_helmet":1,"minecraft:iron_boots":1,"minecraft:golden_carrot":2,"supplementaries:ash":5,"minecraft:furnace":5,"minecraft:cooked_cod":14,"minecraft:cobbled_deepslate":157,"minecraft:iron_leggings":1,"minecraft:water_bucket":42,"minecraft:spruce_door":5,"minecraft:stone_pickaxe":165,"minecraft:green_bed":1,"minecraft:wooden_pickaxe":10,"minecraft:clay":4,"minecraft:polished_blackstone_bricks":1,"minecraft:glow_berries":3,"minecraft:crafting_table":9,"minecraft:red_bed":1,"minecraft:iron_pickaxe":954,"minecraft:coal_block":4,"minecraft:fishing_rod":2,"minecraft:potion":1,"minecraft:cobblestone":29,"minecraft:purple_bed":2,"minecraft:bucket":50,"minecraft:jukebox":1},"minecraft:mined":{"minecraft:tuff":40,"minecraft:deepslate_diamond_ore":25,"minecraft:sculk_vein":1,"minecraft:cracked_polished_blackstone_bricks":1,"minecraft:spruce_leaves":9,"minecraft:moss_block":1,"minecraft:large_fern":3,"minecraft:polished_blackstone_bricks":8,"minecraft:magma_block":1,"minecraft:raw_iron_block":1,"minecraft:spruce_sapling":2,"minecraft:glowstone":1,"minecraft:furnace":5,"minecraft:nether_sprouts":1,"minecraft:iron_ore":15,"minecraft:fire":1,"minecraft:cobbled_deepslate":11,"minecraft:snow":1,"minecraft:moss_carpet":1,"minecraft:deepslate_lapis_ore":6,"minecraft:gold_block":3,"minecraft:sculk_shrieker":1,"minecraft:cave_vines":2,"minecraft:deepslate_iron_ore":35,"minecraft:azalea":2,"minecraft:stone":63,"minecraft:green_bed":4,"minecraft:deepslate_redstone_ore":2,"minecraft:flowering_azalea":1,"minecraft:blackstone":4,"minecraft:red_bed":5,"minecraft:soul_sand":10,"minecraft:snow_block":1,"minecraft:smoker":1,"minecraft:soul_fire":3,"minecraft:spruce_door":1,"minecraft:powder_snow":5,"minecraft:crafting_table":8,"minecraft:clay":27,"minecraft:torch":1,"minecraft:blast_furnace":1,"minecraft:sculk_sensor":2,"minecraft:tall_grass":2,"minecraft:copper_ore":1,"minecraft:deepslate_gold_ore":7,"minecraft:damaged_anvil":1,"minecraft:wall_torch":2,"minecraft:blue_bed":2,"supplementaries:urn":7,"minecraft:purple_bed":2,"minecraft:mud":2,"ribbits:toadstool_stem":3,"minecraft:gray_bed":2,"minecraft:spruce_log":10,"minecraft:jukebox":1,"minecraft:yellow_bed":3,"minecraft:grass":4,"minecraft:coal_ore":66,"minecraft:dirt":1,"minecraft:gravel":32,"minecraft:polished_blackstone":1,"minecraft:netherrack":9,"minecraft:deepslate":242},"minecraft:dropped":{"minecraft:water_bucket":1,"minecraft:clay":2,"minecraft:soul_sand":9,"minecraft:wheat_seeds":1,"minecraft:lapis_lazuli":11,"minecraft:glass_bottle":3,"minecraft:diamond":11,"artifacts:whoopee_cushion":1,"minecraft:spruce_door":2,"minecraft:amethyst_shard":12,"minecraft:flowering_azalea":2,"minecraft:mud":2,"minecraft:spruce_sapling":24,"minecraft:redstone":9,"minecraft:gravel":19,"minecraft:moss_carpet":1,"minecraft:cobbled_deepslate":49,"minecraft:tuff":28,"minecraft:wheat":7,"minecraft:rotten_flesh":4,"minecraft:clay_ball":92,"minecraft:smoker":1,"minecraft:glowstone_dust":1,"ribbits:toadstool_stem":2,"supplementaries:antique_ink":3,"patchouli:guide_book":1,"minecraft:spruce_planks":6,"minecraft:azalea":4,"minecraft:spruce_log":120,"minecraft:wooden_pickaxe":1,"minecraft:netherrack":1},"minecraft:killed_by":{"minecraft:player":1},"minecraft:broken":{"minecraft:stone_pickaxe":1,"minecraft:iron_pickaxe":3,"minecraft:wooden_axe":1},"minecraft:crafted":{"minecraft:raw_iron":9,"minecraft:jukebox":1,"minecraft:furnace":1,"minecraft:flint_and_steel":1,"minecraft:iron_boots":1,"minecraft:iron_axe":1,"minecraft:stone_pickaxe":2,"minecraft:chest":2,"minecraft:netherite_upgrade_smithing_template":6,"minecraft:coal_block":4,"minecraft:crafting_table":2,"minecraft:spruce_planks":76,"minecraft:wooden_pickaxe":1,"minecraft:iron_helmet":1,"minecraft:iron_sword":1,"minecraft:spruce_door":6,"minecraft:bucket":1,"minecraft:air":0,"minecraft:iron_chestplate":1,"minecraft:shield":1,"minecraft:stick":24,"minecraft:iron_ingot":58,"minecraft:iron_pickaxe":5,"minecraft:wooden_axe":1,"minecraft:stone_sword":1,"minecraft:iron_leggings":1,"minecraft:iron_shovel":1,"minecraft:gold_ingot":1,"minecraft:torch":32,"minecraft:clay":4},"minecraft:picked_up":{"minecraft:mud":2,"minecraft:crafting_table":8,"minecraft:chicken":7,"minecraft:clay_ball":148,"minecraft:gold_block":3,"ribbits:toadstool_stem":2,"minecraft:string":4,"minecraft:red_bed":5,"minecraft:moss_carpet":2,"minecraft:raw_copper":2,"minecraft:cooked_salmon":20,"minecraft:blackstone":1,"minecraft:gold_nugget":2,"minecraft:cobbled_deepslate":279,"minecraft:spruce_planks":8,"minecraft:beef":29,"minecraft:azalea":4,"minecraft:chest":2,"minecraft:furnace":5,"minecraft:stick":11,"minecraft:raw_iron":49,"minecraft:jukebox":1,"minecraft:torch":15,"minecraft:green_bed":4,"minecraft:porkchop":16,"minecraft:polished_blackstone_bricks":5,"minecraft:music_disc_pigstep":1,"minecraft:redstone":9,"minecraft:arrow":9,"minecraft:rotten_flesh":10,"minecraft:cooked_cod":14,"supplementaries:antique_ink":3,"supplementaries:ash":5,"minecraft:mutton":20,"minecraft:glow_berries":3,"minecraft:white_wool":11,"minecraft:cobblestone":63,"minecraft:water_bucket":1,"minecraft:leather":16,"minecraft:smoker":1,"minecraft:flint":1,"minecraft:tuff":39,"minecraft:yellow_bed":3,"artifacts:cloud_in_a_bottle":1,"minecraft:lapis_lazuli":48,"minecraft:blue_bed":2,"minecraft:bone":1,"minecraft:wheat_seeds":2,"minecraft:raw_gold":13,"artifacts:whoopee_cushion":1,"minecraft:glass_bottle":2,"minecraft:glowstone_dust":3,"minecraft:gray_bed":2,"minecraft:flowering_azalea":2,"minecraft:soul_sand":10,"patchouli:guide_book":2,"minecraft:raw_iron_block":1,"minecraft:gravel":19,"minecraft:amethyst_shard":12,"minecraft:spruce_sapling":24,"minecraft:blast_furnace":1,"minecraft:spruce_log":172,"minecraft:spruce_door":5,"minecraft:purple_bed":2,"minecraft:clay":2,"minecraft:diamond":36,"minecraft:emerald":9,"minecraft:damaged_anvil":1,"minecraft:netherrack":9,"minecraft:coal":136}},"DataVersion":3465}