{"stats":{"minecraft:dropped":{"minecraft:gravel":7,"minecraft:wheat_seeds":1,"minecraft:cobbled_deepslate":49,"minecraft:rotten_flesh":4,"minecraft:spruce_door":2,"patchouli:guide_book":1,"supplementaries:antique_ink":3,"minecraft:azalea":3,"minecraft:amethyst_shard":12,"minecraft:flowering_azalea":2,"minecraft:spruce_sapling":24},"minecraft:killed_by":{"minecraft:player":1},"minecraft:broken":{"minecraft:stone_pickaxe":1,"minecraft:wooden_axe":1},"minecraft:killed":{"minecraft:spider":1,"minecraft:zombie":3,"minecraft:player":1,"artifacts:mimic":1},"minecraft:crafted":{"minecraft:crafting_table":1,"minecraft:spruce_planks":28,"minecraft:wooden_pickaxe":1,"minecraft:iron_sword":1,"minecraft:spruce_door":3,"minecraft:furnace":1,"minecraft:bucket":1,"minecraft:air":0,"minecraft:shield":1,"minecraft:stick":12,"minecraft:iron_ingot":11,"minecraft:iron_pickaxe":1,"minecraft:stone_pickaxe":2,"minecraft:wooden_axe":1,"minecraft:stone_sword":1,"minecraft:torch":32},"minecraft:custom":{"lootr:looted_stat":1,"minecraft:interact_with_furnace":9,"minecraft:mob_kills":5,"minecraft:interact_with_crafting_table":13,"minecraft:open_barrel":41,"minecraft:interact_with_campfire":34,"minecraft:leave_game":2,"minecraft:time_since_death":41025,"minecraft:sleep_in_bed":2,"minecraft:climb_one_cm":2650,"minecraft:time_since_rest":23320,"minecraft:sprint_one_cm":99357,"minecraft:damage_taken":432,"minecraft:walk_one_cm":91690,"minecraft:drop":20,"minecraft:damage_dealt":1409,"minecraft:swim_one_cm":5538,"minecraft:fly_one_cm":66078,"minecraft:player_kills":1,"minecraft:open_chest":3,"minecraft:crouch_one_cm":4164,"minecraft:play_time":47170,"minecraft:deaths":1,"minecraft:sneak_time":1923,"minecraft:walk_under_water_one_cm":2585,"minecraft:jump":413,"minecraft:walk_on_water_one_cm":2350,"minecraft:total_world_time":47170,"minecraft:fall_one_cm":6897},"minecraft:picked_up":{"minecraft:crafting_table":3,"minecraft:clay_ball":40,"minecraft:yellow_bed":1,"artifacts:cloud_in_a_bottle":1,"minecraft:lapis_lazuli":26,"minecraft:blue_bed":1,"minecraft:red_bed":1,"minecraft:cooked_salmon":20,"minecraft:wheat_seeds":1,"minecraft:cobbled_deepslate":113,"minecraft:raw_gold":2,"minecraft:azalea":3,"minecraft:gray_bed":1,"minecraft:flowering_azalea":2,"minecraft:furnace":1,"minecraft:stick":11,"minecraft:raw_iron":17,"patchouli:guide_book":2,"minecraft:torch":3,"minecraft:green_bed":1,"minecraft:gravel":7,"minecraft:amethyst_shard":12,"minecraft:spruce_sapling":24,"minecraft:spruce_log":52,"minecraft:spruce_door":4,"minecraft:purple_bed":2,"minecraft:rotten_flesh":4,"minecraft:cooked_cod":14,"minecraft:diamond":1,"supplementaries:antique_ink":3,"minecraft:emerald":3,"supplementaries:ash":3,"minecraft:glow_berries":3,"minecraft:coal":88,"minecraft:cobblestone":30},"minecraft:used":{"minecraft:stone_sword":8,"minecraft:spruce_door":1,"minecraft:tropical_fish":6,"minecraft:stone_pickaxe":165,"minecraft:dried_kelp":4,"minecraft:wooden_pickaxe":10,"minecraft:iron_sword":15,"minecraft:cooked_salmon":2,"minecraft:torch":14,"minecraft:glow_berries":3,"minecraft:crafting_table":3,"minecraft:wooden_axe":20,"minecraft:iron_pickaxe":192,"minecraft:fishing_rod":2,"minecraft:cobblestone":5,"minecraft:purple_bed":1,"supplementaries:ash":3,"minecraft:furnace":1,"minecraft:cooked_cod":3,"minecraft:bucket":1},"minecraft:mined":{"minecraft:flowering_azalea":1,"minecraft:red_bed":1,"minecraft:deepslate_diamond_ore":1,"minecraft:torch":1,"minecraft:clay":10,"minecraft:crafting_table":3,"minecraft:tall_grass":2,"minecraft:spruce_leaves":1,"minecraft:deepslate_gold_ore":2,"minecraft:wall_torch":2,"minecraft:blue_bed":1,"supplementaries:urn":3,"minecraft:purple_bed":2,"minecraft:spruce_sapling":2,"minecraft:furnace":1,"minecraft:iron_ore":15,"minecraft:gray_bed":1,"minecraft:spruce_log":10,"minecraft:deepslate_lapis_ore":4,"minecraft:yellow_bed":1,"minecraft:grass":2,"minecraft:deepslate_iron_ore":2,"minecraft:coal_ore":49,"minecraft:gravel":7,"minecraft:azalea":2,"minecraft:stone":30,"minecraft:deepslate":75,"minecraft:green_bed":1}},"DataVersion":3465}