{"stats":{"minecraft:killed":{"minecraft:spider":3,"naturalist:coral_snake":1,"minecraft:skeleton":10,"minecraft:silverfish":1,"minecraft:husk":6,"naturalist:butterfly":1,"minecraft:sheep":4,"minecraft:pillager":2,"minecraft:zombie":5,"creeperoverhaul:ocean_creeper":1,"ribbits:ribbit":1,"minecraft:enderman":1,"minecraft:cow":1},"minecraft:custom":{"minecraft:interact_with_smithing_table":5,"lootr:looted_stat":30,"minecraft:inspect_dropper":4,"minecraft:mob_kills":37,"minecraft:inspect_hopper":2,"minecraft:interact_with_crafting_table":46,"minecraft:open_barrel":7,"minecraft:leave_game":5,"minecraft:time_since_death":18416,"minecraft:climb_one_cm":8559,"minecraft:sprint_one_cm":524287,"minecraft:walk_one_cm":516073,"minecraft:damage_blocked_by_shield":60,"minecraft:drop":89,"minecraft:talked_to_villager":6,"minecraft:play_time":209597,"minecraft:deaths":2,"minecraft:sneak_time":4579,"minecraft:walk_under_water_one_cm":30135,"minecraft:boat_one_cm":408775,"minecraft:jump":3169,"minecraft:interact_with_blast_furnace":2,"minecraft:walk_on_water_one_cm":21818,"minecraft:total_world_time":209597,"minecraft:interact_with_furnace":53,"minecraft:sleep_in_bed":14,"minecraft:time_since_rest":597,"minecraft:damage_taken":3226,"minecraft:damage_absorbed":40,"minecraft:damage_dealt":6927,"minecraft:swim_one_cm":61603,"minecraft:fly_one_cm":664691,"minecraft:open_chest":58,"minecraft:crouch_one_cm":10956,"minecraft:fall_one_cm":71722,"minecraft:inspect_dispenser":2},"minecraft:used":{"simplyswords:iron_cutlass":87,"minecraft:flint_and_steel":2,"minecraft:chest":1,"minecraft:shield":2,"minecraft:iron_sword":51,"minecraft:iron_chestplate":1,"minecraft:torch":4,"minecraft:obsidian":3,"minecraft:spruce_boat":4,"minecraft:lava_bucket":12,"minecraft:iron_helmet":1,"minecraft:iron_boots":2,"minecraft:bow":7,"minecraft:golden_carrot":3,"minecraft:beef":2,"minecraft:oak_sapling":1,"minecraft:furnace":3,"minecraft:egg":1,"minecraft:cooked_beef":3,"minecraft:potato":2,"minecraft:iron_leggings":1,"minecraft:light_gray_bed":9,"minecraft:cooked_mutton":5,"minecraft:birch_planks":12,"minecraft:baked_potato":5,"minecraft:wooden_pickaxe":59,"minecraft:golden_apple":1,"minecraft:glow_berries":4,"minecraft:mossy_cobblestone":5,"minecraft:dark_oak_trapdoor":1,"minecraft:sand":2,"travelersbackpack:bee":11,"minecraft:crafting_table":10,"minecraft:magenta_bed":2,"minecraft:crossbow":3,"minecraft:cod":1,"minecraft:oak_log":1,"minecraft:diamond_pickaxe":24,"minecraft:apple":2,"minecraft:bread":29,"minecraft:iron_pickaxe":253,"minecraft:suspicious_stew":1,"minecraft:spruce_sapling":6,"supplementaries:rope":1,"minecraft:gravel":1,"minecraft:stone_axe":31,"minecraft:wooden_sword":18,"minecraft:cobblestone":45,"travelersbackpack:standard":19,"minecraft:cooked_porkchop":4,"minecraft:bucket":15,"minecraft:birch_log":2,"minecraft:oak_boat":1},"minecraft:mined":{"minecraft:mossy_cobblestone":10,"minecraft:jungle_leaves":2,"minecraft:dark_oak_fence":1,"minecraft:grass_block":11,"minecraft:light_gray_bed":10,"minecraft:spruce_leaves":17,"minecraft:moss_block":2,"minecraft:hay_block":4,"supplementaries:rope":1,"minecraft:spruce_sapling":1,"minecraft:furnace":1,"minecraft:iron_ore":12,"minecraft:fire":11,"minecraft:moss_carpet":1,"minecraft:gold_block":1,"minecraft:pointed_dripstone":2,"minecraft:cave_vines":6,"minecraft:purple_carpet":8,"minecraft:bamboo":2,"minecraft:stone":106,"minecraft:tripwire":8,"minecraft:light_gray_carpet":2,"minecraft:hanging_roots":2,"minecraft:observer":1,"travelersbackpack:standard":3,"minecraft:clay":1,"minecraft:crafting_table":3,"minecraft:cobblestone":4,"minecraft:purple_bed":1,"minecraft:birch_log":2,"minecraft:magenta_bed":3,"minecraft:spruce_log":10,"minecraft:birch_leaves":1,"minecraft:grass":15,"minecraft:coal_ore":4,"minecraft:oak_log":5,"minecraft:gravel":7,"minecraft:sand":26,"minecraft:dirt":14,"minecraft:cobweb":1,"minecraft:stone_bricks":3,"minecraft:mossy_stone_bricks":4,"minecraft:oak_leaves":3,"minecraft:fern":3},"minecraft:dropped":{"minecraft:bread":60,"minecraft:moss_block":2,"minecraft:oak_log":1,"minecraft:glow_ink_sac":1,"minecraft:crossbow":1,"minecraft:iron_helmet":1,"minecraft:spruce_button":3,"travelersbackpack:standard":1,"minecraft:coal":43,"minecraft:dirt":20,"minecraft:dark_oak_fence":1,"minecraft:fire_charge":4,"minecraft:wooden_sword":4,"minecraft:bone_block":26,"minecraft:sand":1,"minecraft:mud":2,"ribbits:giant_lilypad":2,"minecraft:paper":3,"minecraft:bucket":1,"minecraft:white_wool":2,"minecraft:gold_ingot":27,"simplyswords:iron_cutlass":1,"minecraft:gravel":6,"minecraft:stone_axe":3,"minecraft:moss_carpet":1,"minecraft:kelp":5,"minecraft:sugar_cane":13,"artifacts:kitty_slippers":1,"minecraft:golden_chestplate":1,"minecraft:bowl":1,"minecraft:rotten_flesh":22,"minecraft:light_gray_carpet":2,"minecraft:leather_chestplate":1,"minecraft:hay_block":2,"minecraft:stone":13,"supplementaries:rope_arrow":1,"minecraft:spruce_planks":6,"minecraft:azalea":1,"minecraft:iron_chestplate":1,"minecraft:charcoal":1,"artifacts:pocket_piston":2,"minecraft:mossy_stone_bricks":3,"minecraft:leather_boots":1,"minecraft:redstone_torch":1,"minecraft:arrow":4,"minecraft:raw_gold":5,"minecraft:stone_brick_stairs":2,"minecraft:purple_carpet":8},"minecraft:killed_by":{"creeperoverhaul:ocean_creeper":2},"minecraft:broken":{"minecraft:wooden_pickaxe":1,"minecraft:iron_pickaxe":1},"minecraft:crafted":{"minecraft:wooden_sword":2,"minecraft:oak_planks":44,"comforts:sleeping_bag_white":2,"minecraft:spruce_button":1,"minecraft:furnace":2,"minecraft:cooked_mutton":1,"minecraft:flint_and_steel":1,"minecraft:glass":24,"minecraft:chest":3,"minecraft:spruce_boat":2,"minecraft:wheat":59,"minecraft:crafting_table":7,"minecraft:spruce_planks":52,"travelersbackpack:backpack_tank":4,"travelersbackpack:standard":3,"minecraft:wooden_pickaxe":1,"minecraft:baked_potato":5,"minecraft:bucket":1,"minecraft:birch_planks":16,"minecraft:stone_axe":1,"minecraft:bread":64,"minecraft:air":0,"minecraft:oak_boat":1,"minecraft:charcoal":9,"minecraft:shield":1,"minecraft:stick":12,"minecraft:iron_ingot":25,"minecraft:iron_pickaxe":1,"minecraft:gold_ingot":10},"minecraft:picked_up":{"minecraft:wheat":261,"minecraft:mud":2,"minecraft:charcoal":3,"minecraft:crafting_table":4,"minecraft:iron_chestplate":1,"minecraft:ladder":1,"minecraft:gold_block":1,"minecraft:enchanted_book":2,"minecraft:stone_brick_stairs":2,"minecraft:shield":1,"minecraft:string":25,"minecraft:dark_oak_trapdoor":1,"minecraft:moss_carpet":1,"minecraft:iron_axe":1,"minecraft:wooden_sword":1,"minecraft:iron_leggings":1,"minecraft:bucket":2,"minecraft:spruce_planks":9,"minecraft:beef":2,"minecraft:redstone_torch":1,"minecraft:azalea":2,"minecraft:sugar_cane":28,"supplementaries:rope":1,"minecraft:birch_sapling":2,"minecraft:diamond_hoe":1,"minecraft:furnace":1,"minecraft:egg":1,"minecraft:stick":36,"minecraft:raw_iron":31,"minecraft:stone":68,"minecraft:torch":22,"travelersbackpack:iron_tier_upgrade":1,"minecraft:fire_charge":4,"simplyswords:iron_cutlass":1,"minecraft:pointed_dripstone":2,"minecraft:arrow":18,"minecraft:light_gray_bed":9,"minecraft:rotten_flesh":24,"minecraft:vex_armor_trim_smithing_template":1,"minecraft:hay_block":2,"minecraft:gold_ingot":63,"artifacts:pocket_piston":3,"minecraft:bone_block":52,"minecraft:glow_berries":24,"minecraft:mutton":2,"minecraft:cod":3,"minecraft:white_wool":8,"minecraft:cobblestone":185,"minecraft:birch_log":12,"minecraft:cooked_beef":3,"minecraft:golden_carrot":4,"artifacts:digging_claws":1,"minecraft:glow_ink_sac":1,"minecraft:leather":11,"minecraft:potato":6,"minecraft:flint":1,"supplementaries:rope_arrow":2,"minecraft:oak_log":22,"minecraft:magenta_bed":3,"minecraft:dirt":32,"minecraft:name_tag":2,"minecraft:purple_carpet":8,"minecraft:cooked_mutton":4,"minecraft:bone":12,"minecraft:apple":1,"minecraft:kelp":5,"minecraft:bow":1,"minecraft:raw_gold":10,"minecraft:iron_ingot":22,"minecraft:iron_ore":64,"travelersbackpack:bee":1,"minecraft:mossy_stone_bricks":3,"minecraft:bamboo":12,"minecraft:moss_block":2,"minecraft:iron_sword":1,"minecraft:cooked_porkchop":4,"minecraft:gravel":7,"minecraft:sand":27,"minecraft:spruce_sapling":34,"minecraft:blast_furnace":1,"minecraft:spruce_log":107,"minecraft:spider_eye":1,"minecraft:mossy_cobblestone":5,"travelersbackpack:standard":3,"minecraft:purple_bed":1,"minecraft:diamond":1,"minecraft:spruce_boat":2,"minecraft:stone_axe":2,"minecraft:iron_helmet":1,"minecraft:crossbow":1,"minecraft:bone_meal":7,"minecraft:emerald":2,"minecraft:spruce_button":2,"minecraft:bread":99,"minecraft:oak_sapling":11,"minecraft:light_gray_carpet":2,"minecraft:dark_oak_fence":1,"minecraft:coal":89,"minecraft:diamond_pickaxe":1,"minecraft:ender_pearl":2}},"DataVersion":3465}