{"stats":{"minecraft:crafted":{"minecraft:crafting_table":1,"minecraft:spruce_planks":12,"minecraft:stick":4,"minecraft:wooden_pickaxe":1},"minecraft:picked_up":{"minecraft:spruce_log":3,"minecraft:dirt":3},"minecraft:custom":{"minecraft:time_since_rest":7514,"minecraft:crouch_one_cm":649,"minecraft:play_time":7514,"minecraft:sprint_one_cm":17435,"minecraft:damage_taken":10,"minecraft:walk_one_cm":18375,"minecraft:sneak_time":267,"minecraft:jump":116,"minecraft:damage_dealt":10,"minecraft:leave_game":2,"minecraft:time_since_death":7514,"minecraft:total_world_time":7514,"minecraft:interact_with_crafting_table":2,"minecraft:fall_one_cm":2926,"minecraft:fly_one_cm":24294},"minecraft:used":{"minecraft:crafting_table":1},"minecraft:mined":{"minecraft:grass":2,"minecraft:grass_block":2,"minecraft:dirt":1,"minecraft:spruce_log":3}},"DataVersion":3465}