{"stats":{"minecraft:killed":{"minecraft:spider":3,"minecraft:skeleton":11,"minecraft:silverfish":1,"minecraft:parrot":1,"minecraft:creeper":2,"minecraft:sheep":4,"minecraft:pillager":2,"minecraft:zombie":10,"ribbits:ribbit":1,"minecraft:cow":1,"minecraft:vindicator":17,"naturalist:coral_snake":1,"minecraft:husk":6,"naturalist:butterfly":1,"creeperoverhaul:ocean_creeper":1,"minecraft:player":1,"minecraft:enderman":1},"minecraft:custom":{"lootr:looted_stat":95,"minecraft:interact_with_crafting_table":79,"minecraft:open_barrel":7,"minecraft:leave_game":9,"minecraft:time_since_death":243130,"minecraft:sprint_one_cm":877462,"minecraft:damage_blocked_by_shield":735,"minecraft:drop":162,"minecraft:talked_to_villager":7,"minecraft:play_time":461719,"minecraft:deaths":3,"minecraft:jump":5507,"minecraft:walk_on_water_one_cm":76391,"minecraft:interact_with_furnace":61,"minecraft:sleep_in_bed":24,"minecraft:damage_dealt":13262,"minecraft:player_kills":1,"minecraft:crouch_one_cm":62250,"minecraft:interact_with_smoker":1,"minecraft:inspect_dispenser":2,"minecraft:horse_one_cm":206008,"minecraft:interact_with_smithing_table":7,"minecraft:inspect_dropper":4,"minecraft:interact_with_anvil":2,"minecraft:mob_kills":64,"minecraft:inspect_hopper":2,"minecraft:climb_one_cm":59963,"minecraft:walk_one_cm":1215860,"minecraft:sneak_time":27714,"minecraft:walk_under_water_one_cm":431845,"minecraft:boat_one_cm":460396,"minecraft:interact_with_blast_furnace":4,"minecraft:total_world_time":461719,"minecraft:tune_noteblock":1,"minecraft:time_since_rest":58258,"minecraft:damage_taken":5617,"minecraft:damage_absorbed":40,"minecraft:swim_one_cm":472188,"minecraft:fly_one_cm":924500,"minecraft:open_chest":143,"minecraft:fall_one_cm":95720},"minecraft:used":{"minecraft:ladder":42,"minecraft:decorated_pot":2,"minecraft:chest":13,"minecraft:shield":17,"minecraft:stone":7,"minecraft:iron_sword":51,"minecraft:player_head":4,"minecraft:iron_chestplate":2,"minecraft:soul_sand":4,"minecraft:mutton":1,"minecraft:obsidian":3,"minecraft:spruce_boat":4,"minecraft:lava_bucket":24,"minecraft:iron_helmet":1,"minecraft:dark_oak_leaves":205,"minecraft:red_carpet":1,"minecraft:magma_block":4,"minecraft:bow":7,"minecraft:furnace":4,"minecraft:oak_sapling":16,"minecraft:egg":1,"minecraft:potato":2,"minecraft:dark_oak_sapling":3,"minecraft:oak_planks":38,"minecraft:wooden_pickaxe":59,"minecraft:oak_leaves":600,"minecraft:golden_apple":1,"minecraft:glow_berries":4,"minecraft:dark_oak_trapdoor":1,"minecraft:sand":2,"travelersbackpack:bee":24,"minecraft:crossbow":4,"minecraft:shears":1782,"minecraft:dark_oak_log":2,"minecraft:bread":56,"minecraft:melon_slice":1,"minecraft:cyan_bed":2,"minecraft:gravel":1,"minecraft:wooden_sword":18,"minecraft:birch_log":2,"minecraft:oak_boat":1,"minecraft:bone_meal":410,"minecraft:oak_fence":12,"simplyswords:iron_cutlass":228,"another_furniture:birch_chair":4,"minecraft:flint_and_steel":2,"minecraft:spruce_planks":230,"minecraft:oak_door":2,"minecraft:torch":165,"minecraft:dirt":26,"minecraft:oak_fence_gate":1,"minecraft:iron_axe":124,"minecraft:iron_boots":2,"minecraft:golden_carrot":3,"minecraft:beef":2,"minecraft:cooked_beef":12,"minecraft:light_gray_bed":9,"minecraft:iron_leggings":1,"minecraft:wheat_seeds":3,"minecraft:cooked_mutton":5,"minecraft:water_bucket":23,"minecraft:birch_planks":12,"minecraft:baked_potato":8,"minecraft:cobblestone_slab":36,"minecraft:mossy_cobblestone":5,"minecraft:crafting_table":15,"minecraft:red_bed":5,"minecraft:magenta_bed":3,"minecraft:cod":1,"minecraft:oak_log":3,"minecraft:diamond_pickaxe":24,"minecraft:apple":6,"minecraft:suspicious_stew":1,"minecraft:iron_pickaxe":567,"minecraft:spruce_sapling":21,"supplementaries:rope":1,"minecraft:stone_axe":31,"minecraft:cobblestone":265,"travelersbackpack:standard":44,"minecraft:cooked_porkchop":4,"minecraft:bucket":52,"minecraft:pumpkin_pie":1,"minecraft:kelp":774},"minecraft:dropped":{"minecraft:moss_block":2,"minecraft:oak_log":12,"minecraft:glow_ink_sac":1,"minecraft:baked_potato":8,"minecraft:dark_oak_sapling":1,"minecraft:crossbow":2,"travelersbackpack:standard":1,"friendsandfoes:totem_of_illusion":1,"minecraft:dirt":21,"minecraft:red_bed":2,"minecraft:grass":5,"minecraft:dark_oak_fence":1,"minecraft:wooden_sword":4,"minecraft:bone_block":52,"minecraft:bone_meal":30,"minecraft:sand":1,"minecraft:dark_oak_planks":2,"minecraft:white_wool":2,"minecraft:gold_ingot":27,"minecraft:bone":1,"minecraft:gravel":6,"minecraft:stone_axe":3,"minecraft:sugar_cane":13,"minecraft:golden_chestplate":1,"minecraft:rotten_flesh":32,"minecraft:light_gray_carpet":2,"minecraft:leather_chestplate":1,"minecraft:gunpowder":9,"minecraft:charcoal":5,"minecraft:leather_boots":1,"minecraft:azalea":1,"minecraft:painting":3,"minecraft:iron_ore":64,"minecraft:arrow":11,"minecraft:stone_brick_stairs":2,"minecraft:purple_carpet":8,"minecraft:bread":61,"minecraft:water_bucket":1,"minecraft:shelter_pottery_sherd":1,"minecraft:wheat_seeds":13,"minecraft:feather":4,"minecraft:iron_helmet":2,"minecraft:cobblestone":61,"minecraft:spruce_button":3,"minecraft:coal":58,"minecraft:dark_oak_leaves":3,"minecraft:fire_charge":4,"minecraft:mud":2,"ribbits:giant_lilypad":2,"minecraft:paper":3,"minecraft:bucket":1,"artifacts:digging_claws":3,"simplyswords:iron_cutlass":1,"minecraft:moss_carpet":1,"minecraft:kelp":6,"artifacts:kitty_slippers":1,"minecraft:bowl":1,"minecraft:diamond_hoe":1,"minecraft:iron_boots":3,"minecraft:filled_map":1,"minecraft:potato":6,"minecraft:hay_block":2,"minecraft:spruce_boat":1,"minecraft:stone":68,"supplementaries:rope_arrow":1,"minecraft:spruce_planks":18,"minecraft:diamond_pickaxe":1,"minecraft:iron_chestplate":3,"minecraft:mossy_stone_bricks":3,"minecraft:purple_bed":1,"artifacts:pocket_piston":3,"minecraft:oak_sapling":17,"minecraft:golden_sword":2,"minecraft:redstone_torch":1,"minecraft:raw_gold":5,"minecraft:brick":6},"minecraft:mined":{"minecraft:dark_oak_planks":2,"minecraft:spruce_planks":3,"minecraft:jungle_leaves":2,"minecraft:grass_block":22,"minecraft:light_gray_bed":10,"minecraft:frosted_ice":2,"minecraft:spawner":3,"minecraft:iron_ore":12,"minecraft:fire":12,"minecraft:pumpkin":1,"minecraft:moss_carpet":1,"minecraft:pointed_dripstone":2,"minecraft:cave_vines":6,"minecraft:oak_stairs":1,"minecraft:purple_carpet":8,"minecraft:player_head":4,"minecraft:tripwire":8,"minecraft:red_bed":11,"minecraft:kelp_plant":8,"minecraft:clay":1,"minecraft:torch":2,"diagonalfences:minecraft/oak_fence":3,"minecraft:melon":4,"minecraft:cobblestone":133,"minecraft:cyan_bed":3,"minecraft:wall_torch":1,"minecraft:birch_log":3,"minecraft:wheat":6,"minecraft:magenta_bed":3,"minecraft:grass":28,"minecraft:oak_log":56,"minecraft:sand":26,"minecraft:dirt":44,"minecraft:oak_leaves":699,"minecraft:mossy_cobblestone":11,"minecraft:dark_oak_leaves":250,"minecraft:dark_oak_log":12,"minecraft:dark_oak_fence":1,"minecraft:decorated_pot":3,"minecraft:spruce_leaves":17,"minecraft:moss_block":2,"minecraft:kelp":4,"minecraft:hay_block":4,"supplementaries:rope":1,"minecraft:spruce_sapling":4,"minecraft:furnace":1,"minecraft:gold_block":1,"minecraft:cobblestone_slab":13,"minecraft:bamboo":2,"minecraft:stone":125,"minecraft:smithing_table":1,"minecraft:light_gray_carpet":2,"minecraft:hanging_roots":2,"another_furniture:birch_chair":1,"minecraft:observer":1,"travelersbackpack:standard":3,"minecraft:crafting_table":5,"minecraft:tall_grass":1,"minecraft:purple_bed":1,"minecraft:spruce_log":10,"minecraft:birch_leaves":9,"minecraft:coal_ore":4,"minecraft:gravel":7,"minecraft:cobweb":1,"minecraft:stone_bricks":3,"minecraft:mossy_stone_bricks":4,"minecraft:fern":3},"minecraft:killed_by":{"creeperoverhaul:ocean_creeper":2,"minecraft:vindicator":1},"minecraft:broken":{"minecraft:shears":7,"minecraft:wooden_pickaxe":1,"minecraft:iron_pickaxe":2},"minecraft:crafted":{"minecraft:oak_planks":196,"minecraft:cobblestone_slab":42,"minecraft:cooked_mutton":1,"minecraft:glass":24,"minecraft:chest":14,"minecraft:oak_fence":9,"minecraft:crafting_table":10,"minecraft:spruce_planks":256,"minecraft:wooden_pickaxe":1,"minecraft:baked_potato":5,"travelersbackpack:standard":3,"minecraft:birch_planks":16,"minecraft:charcoal":16,"minecraft:shield":1,"minecraft:stick":124,"minecraft:iron_pickaxe":2,"minecraft:iron_ingot":25,"minecraft:gold_ingot":10,"minecraft:shears":8,"minecraft:wooden_sword":2,"minecraft:oak_door":3,"comforts:sleeping_bag_white":2,"minecraft:spruce_button":1,"minecraft:furnace":3,"minecraft:bone_meal":456,"minecraft:flint_and_steel":1,"minecraft:iron_axe":1,"minecraft:ladder":42,"minecraft:spruce_boat":2,"minecraft:wheat":59,"travelersbackpack:backpack_tank":4,"minecraft:bucket":1,"minecraft:stone_axe":1,"minecraft:bread":64,"minecraft:air":0,"minecraft:oak_fence_gate":1,"minecraft:oak_boat":1,"minecraft:torch":124},"minecraft:picked_up":{"minecraft:iron_chestplate":3,"minecraft:wheat":268,"minecraft:smithing_table":1,"minecraft:enchanted_book":2,"minecraft:stone_brick_stairs":2,"minecraft:golden_sword":2,"minecraft:string":25,"minecraft:dark_oak_trapdoor":1,"minecraft:iron_leggings":2,"minecraft:gold_nugget":47,"minecraft:bucket":4,"minecraft:dark_oak_leaves":208,"minecraft:spruce_planks":157,"artifacts:aqua_dashers":1,"minecraft:redstone_torch":1,"minecraft:cobblestone_slab":2,"minecraft:azalea":2,"minecraft:melon_slice":49,"minecraft:iron_boots":4,"minecraft:furnace":1,"minecraft:stick":74,"minecraft:oak_fence":3,"minecraft:torch":59,"travelersbackpack:iron_tier_upgrade":1,"minecraft:pointed_dripstone":2,"minecraft:rotten_flesh":34,"minecraft:light_gray_bed":9,"minecraft:vex_armor_trim_smithing_template":3,"minecraft:obsidian":1,"minecraft:cod":3,"minecraft:cobblestone":500,"minecraft:birch_log":28,"minecraft:magma_block":6,"minecraft:feather":4,"minecraft:cooked_beef":12,"minecraft:water_bucket":1,"minecraft:potato":12,"another_furniture:birch_chair":4,"minecraft:flint":19,"minecraft:magenta_bed":3,"minecraft:dirt":61,"minecraft:name_tag":2,"minecraft:purple_carpet":8,"minecraft:bone":13,"minecraft:bow":1,"minecraft:wheat_seeds":24,"minecraft:raw_gold":10,"travelersbackpack:bee":2,"minecraft:mossy_stone_bricks":3,"minecraft:bamboo":12,"minecraft:moss_block":2,"minecraft:honeycomb":21,"minecraft:oak_planks":1,"minecraft:cooked_porkchop":4,"minecraft:sand":27,"minecraft:cyan_bed":3,"minecraft:dark_oak_log":12,"minecraft:mossy_cobblestone":5,"minecraft:diamond":1,"minecraft:spruce_boat":3,"minecraft:crossbow":3,"minecraft:bone_meal":22,"minecraft:grass":5,"minecraft:spruce_button":2,"minecraft:bread":201,"minecraft:emerald":13,"minecraft:oak_sapling":53,"minecraft:light_gray_carpet":2,"minecraft:dark_oak_fence":1,"minecraft:oak_leaves":663,"minecraft:diamond_pickaxe":2,"minecraft:charcoal":11,"minecraft:mud":2,"minecraft:shelter_pottery_sherd":1,"minecraft:crafting_table":8,"minecraft:ladder":1,"friendsandfoes:totem_of_illusion":1,"minecraft:gold_block":1,"minecraft:shield":2,"minecraft:brick":6,"minecraft:red_bed":11,"minecraft:moss_carpet":1,"minecraft:iron_axe":1,"minecraft:wooden_sword":1,"minecraft:beef":2,"minecraft:player_head":8,"minecraft:sugar_cane":28,"supplementaries:rope":1,"minecraft:chest":1,"minecraft:birch_sapling":16,"minecraft:diamond_hoe":2,"minecraft:egg":1,"minecraft:dark_oak_sapling":4,"minecraft:raw_iron":31,"minecraft:stone":130,"minecraft:fire_charge":4,"simplyswords:iron_cutlass":2,"minecraft:dark_oak_planks":2,"minecraft:arrow":26,"minecraft:decorated_pot":2,"minecraft:hay_block":2,"minecraft:glistering_melon_slice":11,"minecraft:saddle":1,"minecraft:gold_ingot":63,"artifacts:pocket_piston":5,"minecraft:glow_berries":24,"minecraft:mutton":2,"minecraft:white_wool":8,"minecraft:bone_block":110,"minecraft:golden_carrot":4,"artifacts:digging_claws":4,"minecraft:glow_ink_sac":1,"minecraft:leather":11,"minecraft:filled_map":1,"supplementaries:rope_arrow":2,"minecraft:oak_log":119,"minecraft:gunpowder":58,"minecraft:cooked_mutton":4,"minecraft:red_carpet":1,"minecraft:apple":4,"minecraft:kelp":1519,"minecraft:iron_ingot":35,"minecraft:iron_ore":128,"minecraft:soul_sand":14,"minecraft:iron_sword":1,"minecraft:gravel":7,"minecraft:spruce_sapling":49,"minecraft:blast_furnace":1,"minecraft:spruce_log":107,"minecraft:spider_eye":1,"travelersbackpack:standard":4,"minecraft:purple_bed":2,"minecraft:stone_axe":2,"minecraft:iron_helmet":4,"minecraft:painting":4,"minecraft:baked_potato":16,"minecraft:coal":109,"minecraft:ender_pearl":2}},"DataVersion":3465}