{"stats":{"minecraft:killed":{"naturalist:butterfly":1,"minecraft:skeleton":2,"ribbits:ribbit":1},"minecraft:dropped":{"minecraft:stone":2,"supplementaries:rope_arrow":1,"minecraft:sand":1,"minecraft:white_wool":1},"minecraft:broken":{"minecraft:wooden_pickaxe":1},"minecraft:crafted":{"minecraft:crafting_table":3,"minecraft:spruce_planks":32,"minecraft:wooden_pickaxe":1,"minecraft:furnace":1,"minecraft:bucket":1,"minecraft:stone_axe":1,"minecraft:air":0,"minecraft:glass":24,"minecraft:charcoal":9,"minecraft:shield":1,"minecraft:stick":4,"minecraft:iron_ingot":10,"minecraft:iron_pickaxe":1,"minecraft:spruce_boat":1},"minecraft:picked_up":{"minecraft:birch_log":6,"minecraft:charcoal":2,"minecraft:crafting_table":3,"minecraft:cooked_beef":3,"minecraft:leather":3,"supplementaries:rope_arrow":2,"minecraft:oak_log":16,"minecraft:dirt":10,"minecraft:purple_carpet":8,"minecraft:cooked_mutton":1,"minecraft:bone":5,"minecraft:apple":1,"minecraft:bow":1,"minecraft:sugar_cane":2,"supplementaries:rope":1,"minecraft:birch_sapling":1,"minecraft:furnace":1,"minecraft:stick":33,"minecraft:raw_iron":10,"minecraft:stone":2,"minecraft:cooked_porkchop":4,"minecraft:sand":26,"minecraft:spruce_sapling":34,"minecraft:spruce_log":68,"minecraft:mossy_cobblestone":1,"minecraft:arrow":3,"minecraft:light_gray_bed":5,"minecraft:diamond":1,"minecraft:bread":2,"minecraft:oak_sapling":1,"minecraft:light_gray_carpet":2,"minecraft:mutton":1,"minecraft:white_wool":1,"minecraft:cobblestone":37},"minecraft:custom":{"minecraft:interact_with_furnace":37,"minecraft:mob_kills":4,"minecraft:interact_with_crafting_table":14,"minecraft:open_barrel":6,"minecraft:leave_game":3,"minecraft:time_since_death":56192,"minecraft:sleep_in_bed":6,"minecraft:climb_one_cm":1934,"minecraft:time_since_rest":5510,"minecraft:sprint_one_cm":129460,"minecraft:damage_taken":673,"minecraft:walk_one_cm":172640,"minecraft:damage_blocked_by_shield":60,"minecraft:drop":5,"minecraft:damage_dealt":539,"minecraft:swim_one_cm":16006,"minecraft:fly_one_cm":199321,"minecraft:open_chest":14,"minecraft:crouch_one_cm":6027,"minecraft:play_time":56192,"minecraft:sneak_time":2313,"minecraft:walk_under_water_one_cm":1764,"minecraft:boat_one_cm":14042,"minecraft:jump":1022,"minecraft:walk_on_water_one_cm":3845,"minecraft:total_world_time":56192,"minecraft:fall_one_cm":25629},"minecraft:used":{"minecraft:cooked_mutton":1,"minecraft:wooden_pickaxe":59,"minecraft:shield":2,"minecraft:iron_sword":2,"minecraft:iron_chestplate":1,"minecraft:mossy_cobblestone":1,"minecraft:sand":1,"minecraft:crafting_table":6,"minecraft:spruce_boat":1,"minecraft:apple":1,"minecraft:lava_bucket":9,"minecraft:bread":2,"minecraft:iron_pickaxe":30,"minecraft:iron_helmet":1,"minecraft:iron_boots":1,"supplementaries:rope":1,"minecraft:spruce_sapling":6,"minecraft:stone_axe":27,"minecraft:cobblestone":4,"minecraft:bow":5,"minecraft:furnace":2,"minecraft:cooked_porkchop":4,"minecraft:bucket":10,"minecraft:cooked_beef":3,"minecraft:light_gray_bed":4},"minecraft:mined":{"minecraft:light_gray_carpet":2,"minecraft:mossy_cobblestone":5,"minecraft:crafting_table":3,"minecraft:grass_block":6,"minecraft:light_gray_bed":6,"minecraft:cobblestone":4,"minecraft:spruce_leaves":13,"minecraft:purple_bed":1,"supplementaries:rope":1,"minecraft:spruce_sapling":1,"minecraft:furnace":1,"minecraft:spruce_log":5,"minecraft:grass":7,"minecraft:purple_carpet":8,"minecraft:sand":25,"minecraft:dirt":6,"minecraft:stone":33}},"DataVersion":3465}