{"stats":{"minecraft:dropped":{"minecraft:bread":8,"minecraft:moss_block":2,"minecraft:glow_ink_sac":1,"minecraft:crossbow":1,"minecraft:iron_helmet":1,"travelersbackpack:standard":1,"minecraft:dirt":20,"minecraft:dark_oak_fence":1,"minecraft:fire_charge":1,"minecraft:sand":1,"minecraft:mud":2,"ribbits:giant_lilypad":2,"minecraft:paper":3,"minecraft:white_wool":1,"minecraft:bucket":1,"simplyswords:iron_cutlass":1,"minecraft:gravel":6,"minecraft:moss_carpet":1,"minecraft:stone_axe":3,"artifacts:kitty_slippers":1,"minecraft:golden_chestplate":1,"minecraft:bowl":1,"minecraft:rotten_flesh":20,"minecraft:light_gray_carpet":2,"minecraft:leather_chestplate":1,"minecraft:hay_block":2,"minecraft:stone":13,"supplementaries:rope_arrow":1,"minecraft:charcoal":1,"minecraft:iron_chestplate":1,"minecraft:azalea":1,"minecraft:leather_boots":1,"minecraft:mossy_stone_bricks":3,"artifacts:pocket_piston":1,"minecraft:arrow":4,"minecraft:stone_brick_stairs":2,"minecraft:purple_carpet":8},"minecraft:killed_by":{"creeperoverhaul:ocean_creeper":1},"minecraft:broken":{"minecraft:wooden_pickaxe":1,"minecraft:iron_pickaxe":1},"minecraft:killed":{"minecraft:spider":3,"minecraft:skeleton":10,"naturalist:coral_snake":1,"minecraft:silverfish":1,"minecraft:husk":6,"naturalist:butterfly":1,"minecraft:sheep":3,"minecraft:pillager":2,"minecraft:zombie":5,"ribbits:ribbit":1,"minecraft:cow":1},"minecraft:picked_up":{"minecraft:mud":2,"minecraft:charcoal":3,"minecraft:crafting_table":3,"minecraft:wheat":261,"minecraft:ladder":1,"minecraft:gold_block":1,"minecraft:stone_brick_stairs":2,"minecraft:string":15,"minecraft:dark_oak_trapdoor":1,"minecraft:moss_carpet":1,"minecraft:bucket":1,"minecraft:beef":2,"minecraft:azalea":2,"minecraft:sugar_cane":2,"supplementaries:rope":1,"minecraft:birch_sapling":2,"minecraft:furnace":1,"minecraft:raw_iron":31,"minecraft:stick":36,"minecraft:stone":13,"minecraft:torch":1,"simplyswords:iron_cutlass":1,"minecraft:pointed_dripstone":2,"minecraft:arrow":18,"minecraft:light_gray_bed":9,"minecraft:rotten_flesh":22,"minecraft:hay_block":2,"minecraft:gold_ingot":9,"artifacts:pocket_piston":1,"minecraft:cod":1,"minecraft:glow_berries":24,"minecraft:mutton":1,"minecraft:white_wool":7,"minecraft:cobblestone":96,"minecraft:birch_log":12,"minecraft:cooked_beef":3,"minecraft:golden_carrot":4,"minecraft:glow_ink_sac":1,"minecraft:leather":11,"minecraft:flint":1,"supplementaries:rope_arrow":2,"minecraft:oak_log":21,"minecraft:magenta_bed":2,"minecraft:dirt":32,"minecraft:cooked_mutton":4,"minecraft:purple_carpet":8,"minecraft:bone":12,"minecraft:apple":1,"minecraft:bow":1,"minecraft:iron_ingot":5,"travelersbackpack:bee":1,"minecraft:mossy_stone_bricks":3,"minecraft:bamboo":12,"minecraft:moss_block":2,"minecraft:cooked_porkchop":4,"minecraft:gravel":7,"minecraft:sand":27,"minecraft:spruce_sapling":34,"minecraft:spruce_log":68,"minecraft:spider_eye":1,"minecraft:mossy_cobblestone":5,"travelersbackpack:standard":2,"minecraft:diamond":1,"minecraft:stone_axe":2,"minecraft:crossbow":1,"minecraft:emerald":2,"minecraft:bread":3,"minecraft:oak_sapling":2,"minecraft:light_gray_carpet":2,"minecraft:dark_oak_fence":1,"minecraft:coal":3,"minecraft:diamond_pickaxe":1},"minecraft:custom":{"minecraft:interact_with_smithing_table":5,"lootr:looted_stat":30,"minecraft:inspect_dropper":4,"minecraft:mob_kills":34,"minecraft:inspect_hopper":2,"minecraft:interact_with_crafting_table":39,"minecraft:open_barrel":7,"minecraft:leave_game":4,"minecraft:time_since_death":8436,"minecraft:climb_one_cm":8559,"minecraft:sprint_one_cm":437996,"minecraft:walk_one_cm":474331,"minecraft:damage_blocked_by_shield":60,"minecraft:drop":60,"minecraft:talked_to_villager":6,"minecraft:play_time":178678,"minecraft:deaths":1,"minecraft:sneak_time":4173,"minecraft:walk_under_water_one_cm":15058,"minecraft:boat_one_cm":158090,"minecraft:jump":2958,"minecraft:interact_with_blast_furnace":2,"minecraft:walk_on_water_one_cm":16576,"minecraft:total_world_time":178678,"minecraft:interact_with_furnace":53,"minecraft:sleep_in_bed":13,"minecraft:time_since_rest":8462,"minecraft:damage_taken":2545,"minecraft:damage_dealt":6386,"minecraft:fly_one_cm":601972,"minecraft:swim_one_cm":51945,"minecraft:open_chest":14,"minecraft:crouch_one_cm":10574,"minecraft:fall_one_cm":66793,"minecraft:inspect_dispenser":2},"minecraft:crafted":{"minecraft:wooden_sword":1,"minecraft:oak_planks":32,"comforts:sleeping_bag_white":2,"minecraft:furnace":2,"minecraft:cooked_mutton":1,"minecraft:flint_and_steel":1,"minecraft:glass":24,"minecraft:chest":2,"minecraft:spruce_boat":1,"minecraft:wheat":59,"minecraft:crafting_table":5,"minecraft:spruce_planks":32,"travelersbackpack:backpack_tank":4,"minecraft:wooden_pickaxe":1,"minecraft:baked_potato":5,"travelersbackpack:standard":3,"minecraft:bucket":1,"minecraft:birch_planks":16,"minecraft:stone_axe":1,"minecraft:bread":64,"minecraft:air":0,"minecraft:oak_boat":1,"minecraft:charcoal":9,"minecraft:shield":1,"minecraft:stick":8,"minecraft:iron_ingot":25,"minecraft:iron_pickaxe":1,"minecraft:gold_ingot":10},"minecraft:used":{"simplyswords:iron_cutlass":85,"minecraft:flint_and_steel":2,"minecraft:shield":2,"minecraft:iron_sword":51,"minecraft:iron_chestplate":1,"minecraft:torch":1,"minecraft:obsidian":3,"minecraft:spruce_boat":1,"minecraft:lava_bucket":12,"minecraft:iron_helmet":1,"minecraft:iron_boots":2,"minecraft:beef":2,"minecraft:golden_carrot":3,"minecraft:bow":7,"minecraft:furnace":3,"minecraft:oak_sapling":1,"minecraft:cooked_beef":3,"minecraft:potato":2,"minecraft:light_gray_bed":9,"minecraft:iron_leggings":1,"minecraft:cooked_mutton":5,"minecraft:birch_planks":12,"minecraft:baked_potato":5,"minecraft:wooden_pickaxe":59,"minecraft:dark_oak_trapdoor":1,"minecraft:glow_berries":4,"minecraft:mossy_cobblestone":5,"minecraft:sand":2,"travelersbackpack:bee":8,"minecraft:crafting_table":8,"minecraft:magenta_bed":1,"minecraft:crossbow":3,"minecraft:cod":1,"minecraft:oak_log":1,"minecraft:diamond_pickaxe":24,"minecraft:apple":2,"minecraft:bread":22,"minecraft:suspicious_stew":1,"minecraft:iron_pickaxe":253,"supplementaries:rope":1,"minecraft:spruce_sapling":6,"minecraft:gravel":1,"minecraft:stone_axe":31,"minecraft:wooden_sword":3,"minecraft:cobblestone":20,"travelersbackpack:standard":12,"minecraft:cooked_porkchop":4,"minecraft:bucket":15,"minecraft:birch_log":2,"minecraft:oak_boat":1},"minecraft:mined":{"minecraft:mossy_cobblestone":10,"minecraft:jungle_leaves":2,"minecraft:dark_oak_fence":1,"minecraft:grass_block":11,"minecraft:light_gray_bed":10,"minecraft:spruce_leaves":13,"minecraft:moss_block":2,"minecraft:hay_block":4,"supplementaries:rope":1,"minecraft:spruce_sapling":1,"minecraft:furnace":1,"minecraft:iron_ore":12,"minecraft:fire":11,"minecraft:moss_carpet":1,"minecraft:gold_block":1,"minecraft:pointed_dripstone":2,"minecraft:cave_vines":6,"minecraft:purple_carpet":8,"minecraft:bamboo":2,"minecraft:stone":106,"minecraft:tripwire":8,"minecraft:light_gray_carpet":2,"minecraft:hanging_roots":2,"minecraft:observer":1,"travelersbackpack:standard":2,"minecraft:clay":1,"minecraft:crafting_table":3,"minecraft:cobblestone":4,"minecraft:purple_bed":1,"minecraft:birch_log":2,"minecraft:magenta_bed":2,"minecraft:spruce_log":5,"minecraft:birch_leaves":1,"minecraft:grass":14,"minecraft:oak_log":5,"minecraft:coal_ore":4,"minecraft:gravel":7,"minecraft:sand":26,"minecraft:dirt":14,"minecraft:cobweb":1,"minecraft:stone_bricks":3,"minecraft:mossy_stone_bricks":4,"minecraft:oak_leaves":3,"minecraft:fern":3}},"DataVersion":3465}