{"stats":{"minecraft:dropped":{"minecraft:stone_axe":1,"minecraft:rotten_flesh":2,"travelersbackpack:standard":1,"minecraft:hay_block":2,"minecraft:stone":2,"supplementaries:rope_arrow":1,"minecraft:sand":1,"minecraft:white_wool":1},"minecraft:broken":{"minecraft:wooden_pickaxe":1},"minecraft:killed":{"naturalist:butterfly":1,"minecraft:sheep":2,"minecraft:skeleton":3,"minecraft:zombie":1,"ribbits:ribbit":1},"minecraft:crafted":{"minecraft:oak_planks":16,"minecraft:crafting_table":3,"minecraft:spruce_planks":32,"comforts:sleeping_bag_white":2,"travelersbackpack:backpack_tank":4,"minecraft:wooden_pickaxe":1,"travelersbackpack:standard":2,"minecraft:furnace":1,"minecraft:bucket":1,"minecraft:stone_axe":1,"minecraft:cooked_mutton":1,"minecraft:air":0,"minecraft:flint_and_steel":1,"minecraft:glass":24,"minecraft:charcoal":9,"minecraft:shield":1,"minecraft:stick":4,"minecraft:iron_ingot":20,"minecraft:iron_pickaxe":1,"minecraft:chest":2,"minecraft:spruce_boat":1},"minecraft:custom":{"lootr:looted_stat":5,"minecraft:interact_with_furnace":44,"minecraft:mob_kills":8,"minecraft:interact_with_crafting_table":27,"minecraft:open_barrel":7,"minecraft:leave_game":4,"minecraft:time_since_death":88678,"minecraft:sleep_in_bed":9,"minecraft:climb_one_cm":1934,"minecraft:time_since_rest":2628,"minecraft:sprint_one_cm":208733,"minecraft:damage_taken":982,"minecraft:walk_one_cm":246462,"minecraft:damage_blocked_by_shield":60,"minecraft:drop":11,"minecraft:damage_dealt":1004,"minecraft:talked_to_villager":1,"minecraft:swim_one_cm":27586,"minecraft:fly_one_cm":296154,"minecraft:open_chest":14,"minecraft:crouch_one_cm":7922,"minecraft:play_time":88678,"minecraft:sneak_time":2782,"minecraft:walk_under_water_one_cm":4153,"minecraft:boat_one_cm":14042,"minecraft:jump":1439,"minecraft:walk_on_water_one_cm":6859,"minecraft:total_world_time":88678,"minecraft:fall_one_cm":34723},"minecraft:picked_up":{"minecraft:birch_log":12,"minecraft:charcoal":2,"minecraft:crafting_table":3,"minecraft:cooked_beef":3,"minecraft:leather":9,"minecraft:gold_block":1,"minecraft:flint":1,"supplementaries:rope_arrow":2,"minecraft:oak_log":16,"minecraft:dirt":12,"minecraft:purple_carpet":8,"minecraft:cooked_mutton":4,"minecraft:bone":7,"minecraft:apple":1,"minecraft:bow":1,"minecraft:iron_ingot":5,"minecraft:sugar_cane":2,"supplementaries:rope":1,"minecraft:birch_sapling":1,"minecraft:furnace":1,"minecraft:stick":36,"minecraft:raw_iron":20,"minecraft:stone":2,"minecraft:cooked_porkchop":4,"minecraft:sand":27,"minecraft:spruce_sapling":34,"minecraft:spruce_log":68,"minecraft:mossy_cobblestone":1,"minecraft:rotten_flesh":4,"minecraft:arrow":4,"minecraft:light_gray_bed":9,"minecraft:diamond":1,"minecraft:hay_block":2,"minecraft:gold_ingot":9,"minecraft:bread":2,"minecraft:oak_sapling":2,"minecraft:light_gray_carpet":2,"minecraft:mutton":1,"minecraft:white_wool":7,"minecraft:cobblestone":37},"minecraft:used":{"minecraft:cooked_mutton":5,"minecraft:flint_and_steel":2,"minecraft:shield":2,"minecraft:wooden_pickaxe":59,"minecraft:iron_sword":38,"minecraft:iron_chestplate":1,"minecraft:mossy_cobblestone":1,"minecraft:sand":2,"minecraft:crafting_table":6,"minecraft:obsidian":3,"minecraft:spruce_boat":1,"minecraft:apple":1,"minecraft:lava_bucket":12,"minecraft:bread":4,"minecraft:iron_pickaxe":34,"minecraft:iron_helmet":1,"minecraft:iron_boots":1,"minecraft:spruce_sapling":6,"supplementaries:rope":1,"minecraft:stone_axe":31,"minecraft:bow":7,"minecraft:cobblestone":4,"travelersbackpack:standard":1,"minecraft:oak_sapling":1,"minecraft:furnace":2,"minecraft:cooked_porkchop":4,"minecraft:birch_log":2,"minecraft:bucket":13,"minecraft:cooked_beef":3,"minecraft:light_gray_bed":8},"minecraft:mined":{"minecraft:light_gray_carpet":2,"minecraft:mossy_cobblestone":5,"minecraft:crafting_table":3,"minecraft:grass_block":8,"minecraft:light_gray_bed":10,"minecraft:cobblestone":4,"minecraft:spruce_leaves":13,"minecraft:hay_block":4,"supplementaries:rope":1,"minecraft:purple_bed":1,"minecraft:spruce_sapling":1,"minecraft:furnace":1,"minecraft:birch_log":2,"minecraft:fire":11,"minecraft:spruce_log":5,"minecraft:birch_leaves":1,"minecraft:gold_block":1,"minecraft:grass":8,"minecraft:purple_carpet":8,"minecraft:sand":26,"minecraft:dirt":7,"minecraft:stone":33,"minecraft:oak_leaves":1}},"DataVersion":3465}