{"stats":{"minecraft:dropped":{"travelersbackpack:standard":1,"minecraft:fire_charge":1,"minecraft:sand":1,"ribbits:giant_lilypad":2,"minecraft:paper":3,"minecraft:white_wool":1,"minecraft:bucket":1,"minecraft:stone_axe":3,"minecraft:golden_chestplate":1,"minecraft:bowl":1,"minecraft:rotten_flesh":8,"minecraft:light_gray_carpet":2,"minecraft:leather_chestplate":1,"minecraft:hay_block":2,"minecraft:stone":2,"supplementaries:rope_arrow":1,"minecraft:iron_chestplate":1,"minecraft:leather_boots":1,"minecraft:mossy_stone_bricks":3,"artifacts:pocket_piston":1,"minecraft:arrow":4,"minecraft:stone_brick_stairs":2,"minecraft:purple_carpet":8},"minecraft:broken":{"minecraft:wooden_pickaxe":1},"minecraft:killed":{"minecraft:spider":3,"minecraft:skeleton":3,"naturalist:coral_snake":1,"minecraft:silverfish":1,"minecraft:husk":3,"naturalist:butterfly":1,"minecraft:sheep":3,"minecraft:zombie":3,"ribbits:ribbit":1},"minecraft:crafted":{"minecraft:oak_planks":16,"comforts:sleeping_bag_white":2,"minecraft:furnace":2,"minecraft:cooked_mutton":1,"minecraft:flint_and_steel":1,"minecraft:glass":24,"minecraft:chest":2,"minecraft:spruce_boat":1,"minecraft:crafting_table":4,"minecraft:spruce_planks":32,"travelersbackpack:backpack_tank":4,"minecraft:wooden_pickaxe":1,"minecraft:baked_potato":5,"travelersbackpack:standard":3,"minecraft:bucket":1,"minecraft:birch_planks":16,"minecraft:stone_axe":1,"minecraft:air":0,"minecraft:charcoal":9,"minecraft:shield":1,"minecraft:stick":4,"minecraft:iron_ingot":25,"minecraft:iron_pickaxe":1,"minecraft:gold_ingot":10},"minecraft:picked_up":{"minecraft:charcoal":2,"minecraft:crafting_table":3,"minecraft:gold_block":1,"minecraft:stone_brick_stairs":2,"minecraft:string":14,"minecraft:bucket":1,"minecraft:sugar_cane":2,"supplementaries:rope":1,"minecraft:birch_sapling":2,"minecraft:furnace":1,"minecraft:raw_iron":25,"minecraft:stick":36,"minecraft:stone":2,"minecraft:arrow":5,"minecraft:light_gray_bed":9,"minecraft:rotten_flesh":10,"minecraft:hay_block":2,"minecraft:gold_ingot":9,"artifacts:pocket_piston":1,"minecraft:mutton":1,"minecraft:white_wool":7,"minecraft:cobblestone":46,"minecraft:birch_log":12,"minecraft:cooked_beef":3,"minecraft:golden_carrot":2,"minecraft:leather":9,"minecraft:flint":1,"supplementaries:rope_arrow":2,"minecraft:oak_log":16,"minecraft:magenta_bed":1,"minecraft:dirt":12,"minecraft:cooked_mutton":4,"minecraft:purple_carpet":8,"minecraft:bone":7,"minecraft:apple":1,"minecraft:bow":1,"minecraft:iron_ingot":5,"minecraft:mossy_stone_bricks":3,"minecraft:bamboo":12,"minecraft:cooked_porkchop":4,"minecraft:gravel":1,"minecraft:sand":27,"minecraft:spruce_sapling":34,"minecraft:spruce_log":68,"minecraft:spider_eye":1,"minecraft:mossy_cobblestone":5,"travelersbackpack:standard":2,"minecraft:diamond":1,"minecraft:stone_axe":2,"minecraft:bread":2,"minecraft:oak_sapling":2,"minecraft:light_gray_carpet":2,"minecraft:diamond_pickaxe":1},"minecraft:custom":{"minecraft:interact_with_smithing_table":5,"lootr:looted_stat":19,"minecraft:inspect_dropper":4,"minecraft:mob_kills":19,"minecraft:inspect_hopper":2,"minecraft:interact_with_crafting_table":30,"minecraft:open_barrel":7,"minecraft:leave_game":4,"minecraft:time_since_death":136678,"minecraft:climb_one_cm":6449,"minecraft:sprint_one_cm":321382,"minecraft:walk_one_cm":378950,"minecraft:damage_blocked_by_shield":60,"minecraft:drop":36,"minecraft:talked_to_villager":6,"minecraft:play_time":136678,"minecraft:sneak_time":3573,"minecraft:walk_under_water_one_cm":4523,"minecraft:boat_one_cm":31240,"minecraft:jump":2122,"minecraft:interact_with_blast_furnace":2,"minecraft:walk_on_water_one_cm":7584,"minecraft:total_world_time":136678,"minecraft:interact_with_furnace":53,"minecraft:sleep_in_bed":11,"minecraft:time_since_rest":6263,"minecraft:damage_taken":1641,"minecraft:damage_dealt":2676,"minecraft:fly_one_cm":443101,"minecraft:swim_one_cm":27586,"minecraft:open_chest":14,"minecraft:crouch_one_cm":10127,"minecraft:fall_one_cm":50112,"minecraft:inspect_dispenser":2},"minecraft:used":{"simplyswords:iron_cutlass":30,"minecraft:flint_and_steel":2,"minecraft:shield":2,"minecraft:iron_sword":51,"minecraft:iron_chestplate":1,"minecraft:obsidian":3,"minecraft:spruce_boat":1,"minecraft:lava_bucket":12,"minecraft:iron_helmet":1,"minecraft:iron_boots":2,"minecraft:golden_carrot":1,"minecraft:bow":7,"minecraft:furnace":3,"minecraft:oak_sapling":1,"minecraft:cooked_beef":3,"minecraft:potato":2,"minecraft:light_gray_bed":9,"minecraft:iron_leggings":1,"minecraft:cooked_mutton":5,"minecraft:birch_planks":12,"minecraft:baked_potato":5,"minecraft:wooden_pickaxe":59,"minecraft:mossy_cobblestone":5,"minecraft:sand":2,"minecraft:crafting_table":7,"minecraft:apple":1,"minecraft:bread":11,"minecraft:suspicious_stew":1,"minecraft:iron_pickaxe":86,"supplementaries:rope":1,"minecraft:spruce_sapling":6,"minecraft:gravel":1,"minecraft:stone_axe":31,"minecraft:cobblestone":15,"travelersbackpack:standard":10,"minecraft:cooked_porkchop":4,"minecraft:bucket":15,"minecraft:birch_log":2},"minecraft:mined":{"minecraft:mossy_cobblestone":10,"minecraft:jungle_leaves":2,"minecraft:grass_block":8,"minecraft:light_gray_bed":10,"minecraft:spruce_leaves":13,"minecraft:hay_block":4,"supplementaries:rope":1,"minecraft:spruce_sapling":1,"minecraft:furnace":1,"minecraft:iron_ore":5,"minecraft:fire":11,"minecraft:gold_block":1,"minecraft:purple_carpet":8,"minecraft:bamboo":2,"minecraft:stone":42,"minecraft:tripwire":8,"minecraft:light_gray_carpet":2,"minecraft:hanging_roots":2,"minecraft:observer":1,"travelersbackpack:standard":2,"minecraft:crafting_table":3,"minecraft:cobblestone":4,"minecraft:purple_bed":1,"minecraft:birch_log":2,"minecraft:magenta_bed":1,"minecraft:spruce_log":5,"minecraft:birch_leaves":1,"minecraft:grass":12,"minecraft:gravel":1,"minecraft:sand":26,"minecraft:dirt":7,"minecraft:stone_bricks":3,"minecraft:mossy_stone_bricks":3,"minecraft:oak_leaves":1,"minecraft:fern":2}},"DataVersion":3465}