{"stats":{"minecraft:killed":{"minecraft:pig":1,"minecraft:sheep":2,"minecraft:skeleton":7,"minecraft:player":1},"minecraft:dropped":{"minecraft:bread":2,"minecraft:iron_sword":1,"minecraft:moss_block":1,"minecraft:glass_bottle":1,"minecraft:diamond":2,"minecraft:raw_iron":10,"minecraft:apple":1,"minecraft:cooked_mutton":3,"minecraft:grass_block":1,"minecraft:dirt":1,"supplementaries:rope_arrow":2,"minecraft:light_gray_bed":1,"minecraft:arrow":1,"minecraft:wooden_pickaxe":1},"minecraft:crafted":{"minecraft:crafting_table":2,"minecraft:spruce_planks":4,"minecraft:wooden_pickaxe":1,"minecraft:furnace":1,"minecraft:mangrove_planks":12,"minecraft:stone_axe":1,"minecraft:cooked_mutton":3,"minecraft:air":0,"minecraft:iron_axe":1,"minecraft:stick":8,"minecraft:stone_pickaxe":1},"minecraft:killed_by":{"minecraft:player":1},"minecraft:picked_up":{"minecraft:stripped_oak_log":1,"minecraft:crafting_table":2,"supplementaries:rope_arrow":1,"minecraft:oak_log":13,"minecraft:dirt":8,"minecraft:cooked_mutton":2,"minecraft:moss_block":1,"minecraft:sugar_cane":4,"minecraft:iron_sword":1,"minecraft:mangrove_log":3,"minecraft:furnace":1,"minecraft:stick":20,"minecraft:stone":7,"minecraft:cooked_porkchop":3,"patchouli:guide_book":1,"minecraft:porkchop":1,"minecraft:spruce_sapling":22,"minecraft:spruce_log":60,"minecraft:grass_block":2,"minecraft:mossy_cobblestone":1,"naturalist:duck_egg":1,"minecraft:arrow":2,"minecraft:purple_bed":6,"minecraft:light_gray_bed":3,"minecraft:rotten_flesh":3,"minecraft:diamond":1,"minecraft:oak_sapling":9,"minecraft:black_wool":1,"minecraft:mutton":3,"minecraft:white_wool":2,"minecraft:cobblestone":23},"minecraft:custom":{"minecraft:interact_with_furnace":5,"minecraft:mob_kills":12,"minecraft:interact_with_crafting_table":6,"minecraft:open_barrel":9,"minecraft:eat_cake_slice":3,"minecraft:leave_game":2,"minecraft:time_since_death":39012,"minecraft:sleep_in_bed":8,"minecraft:climb_one_cm":4370,"minecraft:time_since_rest":6671,"minecraft:sprint_one_cm":111582,"minecraft:damage_taken":924,"minecraft:walk_one_cm":159241,"minecraft:drop":19,"minecraft:damage_dealt":1773,"minecraft:swim_one_cm":13293,"minecraft:player_kills":1,"minecraft:fly_one_cm":138682,"minecraft:open_chest":35,"minecraft:crouch_one_cm":2579,"minecraft:play_time":41088,"minecraft:sneak_time":1431,"minecraft:deaths":1,"minecraft:walk_under_water_one_cm":2725,"minecraft:boat_one_cm":5000,"minecraft:jump":711,"minecraft:walk_on_water_one_cm":5649,"minecraft:total_world_time":41088,"minecraft:fall_one_cm":23438},"minecraft:used":{"minecraft:cooked_mutton":2,"minecraft:wooden_pickaxe":48,"minecraft:iron_sword":11,"minecraft:rotten_flesh":1,"naturalist:duck_egg":1,"minecraft:mossy_cobblestone":1,"minecraft:dirt":5,"minecraft:crafting_table":2,"minecraft:black_wool":1,"minecraft:apple":3,"minecraft:iron_axe":11,"minecraft:bread":4,"minecraft:iron_pickaxe":37,"minecraft:iron_boots":1,"minecraft:stone_axe":52,"minecraft:cobblestone":7,"minecraft:potion":1,"minecraft:purple_bed":5,"minecraft:furnace":1,"minecraft:cooked_porkchop":3,"minecraft:light_gray_bed":2},"minecraft:mined":{"minecraft:oak_sapling":1,"minecraft:mossy_cobblestone":3,"minecraft:crafting_table":2,"minecraft:grass_block":4,"minecraft:light_gray_bed":1,"minecraft:spruce_leaves":9,"minecraft:sugar_cane":1,"minecraft:purple_bed":5,"minecraft:spruce_sapling":2,"minecraft:furnace":1,"minecraft:spruce_log":3,"minecraft:grass":4,"minecraft:dirt":4,"minecraft:stripped_oak_log":1,"minecraft:mangrove_log":3,"minecraft:stone":33,"minecraft:oak_leaves":3,"minecraft:fern":1}},"DataVersion":3465}