{"stats":{"minecraft:killed":{"minecraft:pig":1,"minecraft:sheep":2,"minecraft:skeleton":3,"minecraft:player":1},"minecraft:dropped":{"minecraft:moss_block":1,"minecraft:glass_bottle":1,"minecraft:raw_iron":10,"minecraft:cooked_mutton":3,"minecraft:grass_block":1,"minecraft:dirt":1,"minecraft:arrow":1,"minecraft:wooden_pickaxe":1},"minecraft:crafted":{"minecraft:crafting_table":1,"minecraft:wooden_pickaxe":1,"minecraft:furnace":1,"minecraft:mangrove_planks":12,"minecraft:stone_axe":1,"minecraft:cooked_mutton":3,"minecraft:air":0,"minecraft:stick":8,"minecraft:stone_pickaxe":1},"minecraft:killed_by":{"minecraft:player":1},"minecraft:picked_up":{"minecraft:crafting_table":1,"minecraft:dirt":2,"minecraft:cooked_mutton":2,"minecraft:moss_block":1,"minecraft:sugar_cane":4,"minecraft:mangrove_log":3,"minecraft:furnace":1,"minecraft:stick":13,"minecraft:stone":7,"minecraft:cooked_porkchop":3,"patchouli:guide_book":1,"minecraft:porkchop":1,"minecraft:spruce_sapling":22,"minecraft:spruce_log":60,"minecraft:grass_block":2,"naturalist:duck_egg":1,"minecraft:arrow":2,"minecraft:purple_bed":4,"minecraft:light_gray_bed":1,"minecraft:rotten_flesh":1,"minecraft:black_wool":1,"minecraft:mutton":3,"minecraft:white_wool":1,"minecraft:cobblestone":23},"minecraft:custom":{"minecraft:interact_with_furnace":5,"minecraft:mob_kills":8,"minecraft:interact_with_crafting_table":5,"minecraft:open_barrel":9,"minecraft:eat_cake_slice":3,"minecraft:leave_game":2,"minecraft:time_since_death":27012,"minecraft:sleep_in_bed":5,"minecraft:climb_one_cm":1893,"minecraft:time_since_rest":7930,"minecraft:sprint_one_cm":77112,"minecraft:damage_taken":522,"minecraft:walk_one_cm":122965,"minecraft:drop":10,"minecraft:damage_dealt":1370,"minecraft:swim_one_cm":6388,"minecraft:player_kills":1,"minecraft:fly_one_cm":111916,"minecraft:open_chest":27,"minecraft:crouch_one_cm":1348,"minecraft:play_time":29088,"minecraft:sneak_time":717,"minecraft:deaths":1,"minecraft:walk_under_water_one_cm":2141,"minecraft:jump":547,"minecraft:walk_on_water_one_cm":3762,"minecraft:total_world_time":29088,"minecraft:fall_one_cm":14954},"minecraft:used":{"minecraft:cooked_mutton":2,"minecraft:wooden_pickaxe":48,"minecraft:rotten_flesh":1,"naturalist:duck_egg":1,"minecraft:crafting_table":1,"minecraft:black_wool":1,"minecraft:iron_pickaxe":31,"minecraft:iron_boots":1,"minecraft:stone_axe":50,"minecraft:cobblestone":7,"minecraft:potion":1,"minecraft:purple_bed":3,"minecraft:furnace":1,"minecraft:cooked_porkchop":2,"minecraft:light_gray_bed":1},"minecraft:mined":{"minecraft:crafting_table":1,"minecraft:grass_block":1,"minecraft:light_gray_bed":1,"minecraft:spruce_leaves":9,"minecraft:sugar_cane":1,"minecraft:purple_bed":4,"minecraft:spruce_sapling":2,"minecraft:furnace":1,"minecraft:spruce_log":3,"minecraft:grass":4,"minecraft:dirt":1,"minecraft:mangrove_log":3,"minecraft:stone":33,"minecraft:fern":1}},"DataVersion":3465}