{"stats":{"minecraft:killed":{"minecraft:spider":4,"minecraft:skeleton":17,"minecraft:silverfish":3,"minecraft:illusioner":4,"minecraft:piglin_brute":2,"minecraft:piglin":5,"minecraft:parrot":1,"minecraft:pig":1,"minecraft:creeper":1,"minecraft:sheep":4,"minecraft:pillager":2,"minecraft:zombie":5,"minecraft:cow":5,"minecraft:vindicator":19,"minecraft:drowned":4,"minecraft:husk":5,"adventurez:soul_reaper":1,"naturalist:butterfly":1,"adventurez:deer":1,"creeperoverhaul:ocean_creeper":3,"minecraft:player":1},"minecraft:custom":{"lootr:looted_stat":103,"minecraft:interact_with_crafting_table":64,"minecraft:open_barrel":10,"minecraft:bell_ring":3,"minecraft:eat_cake_slice":3,"minecraft:leave_game":6,"minecraft:time_since_death":97037,"minecraft:sprint_one_cm":974725,"minecraft:damage_blocked_by_shield":2590,"minecraft:drop":299,"minecraft:talked_to_villager":1,"minecraft:play_time":493488,"minecraft:deaths":7,"minecraft:jump":7155,"minecraft:walk_on_water_one_cm":121309,"minecraft:interact_with_furnace":20,"minecraft:sleep_in_bed":29,"minecraft:damage_dealt":20250,"minecraft:player_kills":1,"minecraft:crouch_one_cm":68196,"minecraft:interact_with_smoker":15,"minecraft:horse_one_cm":77731,"minecraft:interact_with_smithing_table":5,"minecraft:inspect_dropper":2,"minecraft:interact_with_anvil":11,"minecraft:mob_kills":95,"minecraft:climb_one_cm":52167,"minecraft:walk_one_cm":1289849,"minecraft:sneak_time":31606,"minecraft:walk_under_water_one_cm":164892,"minecraft:boat_one_cm":370225,"minecraft:interact_with_blast_furnace":17,"minecraft:total_world_time":493488,"minecraft:time_since_rest":85495,"minecraft:damage_absorbed":9,"minecraft:damage_taken":8113,"minecraft:swim_one_cm":447912,"minecraft:fly_one_cm":883297,"minecraft:open_chest":165,"minecraft:fall_one_cm":144363},"minecraft:used":{"minecraft:bone_block":1,"minecraft:ladder":20,"minecraft:chest":25,"minecraft:shield":69,"minecraft:stone":117,"minecraft:iron_sword":357,"lootr:trophy":1,"minecraft:rotten_flesh":1,"minecraft:iron_chestplate":2,"simplyswords:diamond_rapier":105,"minecraft:obsidian":8,"minecraft:spruce_boat":5,"minecraft:lava_bucket":1,"friendsandfoes:totem_of_illusion":1,"minecraft:birch_sapling":1,"minecraft:iron_helmet":1,"minecraft:dark_oak_leaves":123,"minecraft:stone_bricks":3,"supplementaries:bomb_blue":1,"minecraft:hay_block":1,"minecraft:furnace":3,"adventurez:cooked_venison":3,"minecraft:wooden_pickaxe":48,"naturalist:duck_egg":1,"minecraft:oak_leaves":36,"minecraft:golden_apple":1,"minecraft:sand":13,"minecraft:blast_furnace":1,"minecraft:shears":460,"minecraft:dark_oak_log":12,"minecraft:bread":109,"minecraft:gravel":2,"minecraft:golden_helmet":1,"minecraft:smithing_table":1,"minecraft:dark_oak_fence":1,"minecraft:bone_meal":21,"minecraft:netherite_sword":23,"another_furniture:birch_chair":3,"minecraft:flint_and_steel":1,"minecraft:spruce_planks":24,"minecraft:torch":168,"minecraft:dirt":20,"minecraft:anvil":4,"minecraft:diamond_helmet":1,"minecraft:iron_axe":208,"minecraft:iron_boots":4,"minecraft:golden_carrot":4,"minecraft:cooked_beef":12,"minecraft:pumpkin":2,"minecraft:light_gray_bed":2,"minecraft:iron_leggings":1,"minecraft:wheat_seeds":22,"minecraft:cooked_mutton":5,"minecraft:water_bucket":246,"minecraft:birch_planks":1,"minecraft:cobblestone_slab":1,"minecraft:mossy_cobblestone":1,"minecraft:crafting_table":20,"minecraft:red_bed":5,"supplementaries:bomb":1,"minecraft:birch_sign":8,"minecraft:smoker":1,"minecraft:oak_log":1,"minecraft:diamond_pickaxe":1203,"minecraft:black_wool":1,"minecraft:apple":5,"minecraft:iron_pickaxe":594,"minecraft:leather_helmet":1,"minecraft:spruce_sapling":5,"minecraft:stone_axe":52,"minecraft:cobblestone":93,"minecraft:potion":1,"travelersbackpack:standard":8,"minecraft:purple_bed":15,"minecraft:cooked_porkchop":4,"minecraft:bucket":251,"minecraft:yellow_bed":1},"minecraft:dropped":{"minecraft:iron_sword":1,"minecraft:soul_sand":21,"minecraft:moss_block":7,"minecraft:lapis_lazuli":3,"minecraft:cooked_beef":32,"minecraft:baked_potato":8,"minecraft:ender_pearl":2,"minecraft:glass_bottle":1,"minecraft:diamond":2,"minecraft:glow_item_frame":1,"minecraft:leather":8,"minecraft:honeycomb":9,"travelersbackpack:iron_tier_upgrade":1,"travelersbackpack:standard":3,"friendsandfoes:totem_of_illusion":1,"minecraft:emerald":2,"minecraft:red_mushroom":5,"minecraft:flint":1,"minecraft:gold_block":10,"minecraft:dirt":6,"simplyswords:diamond_rapier":1,"minecraft:tnt_minecart":2,"minecraft:gold_nugget":9,"minecraft:bone_block":79,"minecraft:amethyst_shard":30,"minecraft:bone_meal":30,"minecraft:polished_blackstone_bricks":2,"minecraft:dark_oak_planks":1,"minecraft:birch_log":8,"minecraft:white_wool":5,"another_furniture:birch_chair":3,"minecraft:gold_ingot":53,"minecraft:bone":2,"lootr:trophy":1,"minecraft:blackstone":1,"minecraft:sugar_cane":18,"minecraft:nether_brick":6,"minecraft:wheat":651,"minecraft:birch_sapling":2,"minecraft:rotten_flesh":4,"minecraft:oak_planks":14,"minecraft:diamond_shovel":1,"minecraft:cooked_mutton":3,"minecraft:golden_shovel":1,"minecraft:charcoal":7,"minecraft:chest":1,"minecraft:ladder":1,"minecraft:iron_ore":64,"minecraft:arrow":15,"minecraft:netherrack":7,"minecraft:water_bucket":4,"minecraft:iron_ingot":59,"minecraft:enchanted_book":2,"minecraft:bread":142,"minecraft:wheat_seeds":5,"supplementaries:bamboo_spikes":7,"minecraft:lilac":4,"minecraft:feather":1,"minecraft:iron_helmet":1,"minecraft:cobblestone":157,"minecraft:apple":5,"minecraft:tropical_fish":2,"minecraft:grass_block":4,"minecraft:coal":68,"minecraft:golden_apple":1,"minecraft:dark_oak_leaves":58,"minecraft:golden_carrot":4,"minecraft:torch":85,"minecraft:melon_slice":3,"minecraft:diamond_helmet":1,"minecraft:fire_charge":3,"minecraft:iron_leggings":1,"minecraft:iron_axe":1,"minecraft:mud":3,"minecraft:string":42,"adventurez:ender_flute":1,"minecraft:bucket":4,"artifacts:digging_claws":1,"minecraft:spruce_sapling":12,"minecraft:kelp":495,"minecraft:player_head":1,"artifacts:kitty_slippers":1,"minecraft:diamond_hoe":1,"minecraft:raw_iron":20,"minecraft:clay_ball":8,"minecraft:iron_boots":1,"minecraft:name_tag":2,"minecraft:blast_furnace":1,"minecraft:filled_map":1,"minecraft:potato":6,"minecraft:stone":77,"minecraft:shield":1,"supplementaries:rope_arrow":2,"minecraft:spruce_planks":166,"minecraft:diamond_pickaxe":2,"minecraft:iron_chestplate":2,"minecraft:purple_bed":1,"minecraft:light_gray_bed":1,"artifacts:pocket_piston":2,"minecraft:oak_sapling":19,"minecraft:golden_sword":2,"minecraft:spider_eye":2,"minecraft:spruce_log":34,"minecraft:stone_pickaxe":1,"minecraft:wooden_pickaxe":1,"minecraft:raw_gold":5,"minecraft:magma_block":6,"minecraft:vex_armor_trim_smithing_template":1},"minecraft:mined":{"minecraft:dark_oak_planks":4,"minecraft:spruce_planks":8,"minecraft:oak_sapling":3,"minecraft:jungle_leaves":17,"minecraft:obsidian":8,"minecraft:chiseled_polished_blackstone":1,"minecraft:grass_block":8,"minecraft:infested_cobblestone":4,"minecraft:cracked_polished_blackstone_bricks":40,"minecraft:light_gray_bed":1,"minecraft:soul_soil":4,"minecraft:frosted_ice":6,"minecraft:gilded_blackstone":1,"minecraft:spawner":8,"minecraft:polished_blackstone_bricks":115,"minecraft:tall_seagrass":7,"minecraft:magma_block":6,"minecraft:dark_oak_trapdoor":1,"minecraft:fire":2,"minecraft:iron_ore":2,"minecraft:pumpkin":1,"minecraft:moss_carpet":1,"minecraft:anvil":2,"minecraft:dark_oak_stairs":2,"minecraft:tripwire":5,"minecraft:red_bed":3,"minecraft:blackstone":10,"minecraft:kelp_plant":53,"minecraft:smoker":1,"minecraft:soul_fire":5,"minecraft:clay":13,"minecraft:torch":6,"minecraft:dark_oak_wood":1,"minecraft:blast_furnace":1,"minecraft:melon":1,"minecraft:chest":10,"minecraft:nether_quartz_ore":3,"minecraft:cobblestone":96,"minecraft:sugar_cane":4,"minecraft:oak_planks":5,"minecraft:wall_torch":3,"minecraft:birch_sapling":1,"minecraft:seagrass":9,"lootr:trophy":2,"minecraft:mud":2,"minecraft:birch_log":3,"minecraft:wheat":22,"minecraft:lilac":4,"minecraft:stone_brick_stairs":1,"minecraft:grass":24,"minecraft:oak_log":15,"minecraft:sand":14,"minecraft:dirt":15,"minecraft:mangrove_log":3,"minecraft:dispenser":1,"minecraft:netherrack":279,"minecraft:oak_leaves":88,"minecraft:nether_gold_ore":2,"minecraft:red_carpet":1,"minecraft:mossy_cobblestone":14,"minecraft:dark_oak_leaves":204,"minecraft:dark_oak_log":29,"minecraft:dark_oak_fence":1,"minecraft:ladder":9,"minecraft:spruce_leaves":9,"minecraft:kelp":7,"minecraft:moss_block":9,"minecraft:hay_block":35,"minecraft:spruce_sapling":2,"minecraft:furnace":2,"minecraft:nether_sprouts":1,"supplementaries:bamboo_spikes":7,"minecraft:andesite":1,"minecraft:gold_block":18,"minecraft:mossy_stone_brick_stairs":1,"minecraft:stripped_oak_log":1,"minecraft:stone":274,"minecraft:bone_block":50,"minecraft:soul_sand":15,"another_furniture:birch_chair":3,"minecraft:basalt":3,"travelersbackpack:standard":4,"minecraft:crafting_table":9,"minecraft:blackstone_slab":1,"minecraft:tall_grass":1,"supplementaries:urn":3,"minecraft:spruce_stairs":1,"minecraft:birch_planks":1,"minecraft:purple_bed":14,"minecraft:spruce_log":6,"minecraft:yellow_bed":1,"minecraft:coal_ore":41,"minecraft:gravel":20,"minecraft:stone_bricks":5,"minecraft:mossy_stone_bricks":6,"minecraft:fern":2},"minecraft:killed_by":{"minecraft:vindicator":2,"creeperoverhaul:ocean_creeper":1,"minecraft:husk":1,"minecraft:player":2},"minecraft:broken":{"minecraft:shears":1,"minecraft:golden_leggings":1,"minecraft:shield":1,"minecraft:iron_axe":1},"minecraft:crafted":{"minecraft:oak_planks":180,"minecraft:cooked_mutton":6,"minecraft:chest":16,"minecraft:cooked_porkchop":1,"minecraft:crafting_table":12,"minecraft:spruce_planks":224,"minecraft:wooden_pickaxe":1,"travelersbackpack:standard":1,"minecraft:smithing_table":1,"minecraft:birch_planks":120,"minecraft:charcoal":1,"minecraft:shield":2,"minecraft:stick":184,"minecraft:iron_ingot":49,"minecraft:iron_block":6,"minecraft:gold_ingot":9,"minecraft:shears":2,"minecraft:golden_carrot":8,"minecraft:furnace":1,"minecraft:bone_meal":6,"another_furniture:birch_chair":3,"minecraft:flint_and_steel":1,"minecraft:iron_axe":3,"minecraft:ladder":63,"minecraft:stone_pickaxe":1,"minecraft:spruce_boat":3,"minecraft:dark_oak_planks":4,"minecraft:golden_helmet":1,"minecraft:birch_sign":9,"minecraft:wheat":249,"minecraft:cooked_beef":43,"minecraft:mangrove_planks":12,"minecraft:stone_axe":1,"minecraft:bread":44,"minecraft:air":0,"minecraft:gold_nugget":72,"adventurez:ender_flute":1,"minecraft:anvil":2,"minecraft:torch":184,"adventurez:cooked_venison":3},"minecraft:picked_up":{"minecraft:iron_chestplate":8,"minecraft:wheat":370,"minecraft:anvil":2,"minecraft:enchanted_book":5,"minecraft:nether_brick":6,"minecraft:golden_sword":2,"minecraft:string":62,"minecraft:soul_soil":3,"minecraft:iron_leggings":6,"minecraft:tnt_minecart":3,"minecraft:gold_nugget":110,"minecraft:bucket":3,"minecraft:dark_oak_leaves":276,"minecraft:spruce_planks":28,"artifacts:aqua_dashers":2,"minecraft:cobblestone_slab":1,"minecraft:iron_pickaxe":3,"minecraft:melon_slice":3,"minecraft:mangrove_log":3,"minecraft:iron_boots":8,"minecraft:furnace":2,"minecraft:stick":94,"minecraft:torch":129,"travelersbackpack:iron_tier_upgrade":3,"minecraft:porkchop":1,"minecraft:golden_axe":1,"minecraft:golden_chestplate":1,"minecraft:light_gray_bed":3,"minecraft:rotten_flesh":12,"minecraft:tropical_fish":4,"minecraft:vex_armor_trim_smithing_template":4,"minecraft:obsidian":9,"minecraft:cod":6,"minecraft:cobblestone":549,"minecraft:birch_log":96,"minecraft:magma_block":6,"minecraft:cooked_beef":45,"minecraft:feather":5,"minecraft:lilac":4,"minecraft:water_bucket":5,"minecraft:smoker":1,"minecraft:potato":12,"another_furniture:birch_chair":3,"minecraft:flint":4,"adventurez:gilded_blackstone_shard":1,"minecraft:magenta_bed":2,"minecraft:lapis_lazuli":6,"minecraft:dirt":51,"lootr:trophy":1,"minecraft:name_tag":6,"minecraft:bone":9,"minecraft:wheat_seeds":77,"adventurez:raw_venison":3,"minecraft:raw_gold":15,"travelersbackpack:bee":2,"minecraft:diamond_helmet":2,"minecraft:mossy_stone_bricks":5,"minecraft:moss_block":6,"minecraft:oak_planks":25,"minecraft:mossy_stone_brick_stairs":1,"minecraft:cooked_porkchop":3,"patchouli:guide_book":1,"minecraft:sand":14,"minecraft:grass_block":4,"minecraft:dark_oak_log":29,"naturalist:duck_egg":1,"minecraft:mossy_cobblestone":9,"supplementaries:bamboo_spikes":7,"minecraft:diamond":3,"minecraft:spruce_boat":4,"minecraft:cracked_polished_blackstone_bricks":37,"minecraft:crossbow":3,"minecraft:bone_meal":51,"minecraft:golden_apple":3,"minecraft:bread":393,"minecraft:emerald":41,"minecraft:oak_sapling":101,"minecraft:netherrack":71,"minecraft:dark_oak_fence":1,"minecraft:oak_leaves":72,"minecraft:diamond_pickaxe":3,"minecraft:charcoal":9,"minecraft:mud":3,"minecraft:crafting_table":9,"minecraft:ladder":11,"minecraft:clay_ball":96,"friendsandfoes:totem_of_illusion":7,"minecraft:gold_block":18,"minecraft:shield":5,"minecraft:red_bed":5,"minecraft:iron_axe":4,"minecraft:wooden_sword":1,"minecraft:blackstone":1,"minecraft:netherite_sword":1,"minecraft:beef":8,"minecraft:player_head":2,"adventurez:ender_flute":1,"minecraft:jungle_sapling":1,"minecraft:sugar_cane":57,"minecraft:chest":10,"minecraft:birch_sapling":29,"minecraft:diamond_hoe":2,"minecraft:dark_oak_sapling":7,"minecraft:stone":337,"minecraft:glow_item_frame":1,"minecraft:fire_charge":3,"minecraft:polished_blackstone_bricks":66,"simplyswords:iron_cutlass":2,"minecraft:dark_oak_planks":5,"minecraft:arrow":29,"minecraft:hay_block":39,"artifacts:pocket_piston":7,"minecraft:glistering_melon_slice":11,"minecraft:saddle":2,"minecraft:gold_ingot":83,"minecraft:mutton":6,"minecraft:rail":1,"minecraft:white_wool":5,"minecraft:bone_block":145,"minecraft:stripped_oak_log":1,"simplyswords:diamond_rapier":2,"artifacts:digging_claws":5,"minecraft:leather":12,"minecraft:birch_planks":1,"minecraft:filled_map":1,"supplementaries:rope_arrow":1,"minecraft:oak_log":151,"minecraft:yellow_bed":1,"minecraft:cooked_mutton":2,"minecraft:apple":22,"minecraft:stone_bricks":6,"minecraft:kelp":513,"minecraft:iron_ingot":158,"minecraft:iron_ore":204,"artifacts:kitty_slippers":2,"minecraft:soul_sand":21,"minecraft:iron_sword":4,"minecraft:dark_oak_stairs":2,"minecraft:pumpkin":2,"minecraft:gravel":38,"minecraft:spruce_sapling":22,"minecraft:blast_furnace":4,"minecraft:spruce_log":223,"minecraft:crying_obsidian":2,"minecraft:spider_eye":2,"travelersbackpack:standard":11,"minecraft:purple_bed":17,"minecraft:iron_helmet":5,"minecraft:painting":1,"minecraft:baked_potato":8,"minecraft:black_wool":1,"minecraft:coal":220,"minecraft:ender_pearl":8}},"DataVersion":3465}