{"stats":{"minecraft:dropped":{"minecraft:iron_ingot":5,"minecraft:bread":2,"minecraft:iron_sword":1,"minecraft:moss_block":2,"supplementaries:bamboo_spikes":7,"minecraft:lilac":4,"minecraft:glass_bottle":1,"minecraft:diamond":2,"minecraft:glow_item_frame":1,"minecraft:leather":8,"minecraft:apple":1,"minecraft:grass_block":4,"minecraft:coal":5,"minecraft:emerald":2,"minecraft:flint":1,"minecraft:dirt":4,"minecraft:golden_carrot":2,"minecraft:bone_meal":1,"minecraft:string":2,"minecraft:white_wool":4,"minecraft:bucket":1,"minecraft:bone":2,"minecraft:gold_ingot":9,"minecraft:sugar_cane":5,"minecraft:raw_iron":20,"minecraft:oak_planks":11,"minecraft:cooked_mutton":3,"minecraft:golden_shovel":1,"supplementaries:rope_arrow":2,"minecraft:diamond_pickaxe":1,"minecraft:spruce_planks":7,"minecraft:iron_chestplate":1,"minecraft:light_gray_bed":1,"artifacts:pocket_piston":1,"minecraft:spider_eye":2,"minecraft:stone_pickaxe":1,"minecraft:arrow":4,"minecraft:wooden_pickaxe":1,"minecraft:netherrack":7},"minecraft:killed_by":{"minecraft:player":1},"minecraft:broken":{"minecraft:golden_leggings":1},"minecraft:killed":{"minecraft:spider":3,"minecraft:skeleton":9,"minecraft:silverfish":3,"minecraft:husk":4,"minecraft:pig":1,"naturalist:butterfly":1,"minecraft:sheep":4,"minecraft:pillager":1,"adventurez:deer":1,"minecraft:zombie":2,"minecraft:player":1,"minecraft:cow":5},"minecraft:picked_up":{"minecraft:iron_chestplate":1,"minecraft:charcoal":1,"minecraft:crafting_table":5,"minecraft:string":10,"minecraft:bucket":1,"minecraft:spruce_planks":1,"minecraft:beef":8,"minecraft:jungle_sapling":1,"minecraft:sugar_cane":18,"minecraft:mangrove_log":3,"minecraft:furnace":2,"minecraft:stick":27,"minecraft:stone":7,"minecraft:glow_item_frame":1,"minecraft:porkchop":1,"minecraft:arrow":5,"minecraft:light_gray_bed":3,"minecraft:rotten_flesh":4,"minecraft:hay_block":32,"artifacts:pocket_piston":1,"minecraft:mutton":6,"minecraft:bone_block":25,"minecraft:white_wool":4,"minecraft:cobblestone":31,"minecraft:stripped_oak_log":1,"minecraft:birch_log":37,"minecraft:lilac":4,"minecraft:leather":8,"minecraft:smoker":1,"supplementaries:rope_arrow":1,"minecraft:oak_log":13,"minecraft:yellow_bed":1,"minecraft:dirt":9,"minecraft:cooked_mutton":2,"minecraft:bone":2,"minecraft:stone_bricks":3,"adventurez:raw_venison":3,"minecraft:mossy_stone_bricks":5,"minecraft:moss_block":1,"minecraft:iron_sword":1,"minecraft:oak_planks":7,"minecraft:mossy_stone_brick_stairs":1,"minecraft:cooked_porkchop":3,"patchouli:guide_book":1,"minecraft:sand":14,"minecraft:spruce_sapling":22,"minecraft:grass_block":4,"minecraft:spruce_log":112,"minecraft:spider_eye":2,"naturalist:duck_egg":1,"minecraft:mossy_cobblestone":5,"travelersbackpack:standard":1,"minecraft:purple_bed":12,"supplementaries:bamboo_spikes":7,"minecraft:diamond":1,"minecraft:emerald":3,"minecraft:oak_sapling":9,"minecraft:black_wool":1,"minecraft:netherrack":7,"minecraft:coal":39},"minecraft:custom":{"minecraft:interact_with_smithing_table":2,"lootr:looted_stat":20,"minecraft:inspect_dropper":2,"minecraft:mob_kills":38,"minecraft:interact_with_crafting_table":17,"minecraft:open_barrel":10,"minecraft:bell_ring":3,"minecraft:eat_cake_slice":3,"minecraft:leave_game":3,"minecraft:time_since_death":132552,"minecraft:climb_one_cm":7815,"minecraft:sprint_one_cm":351311,"minecraft:walk_one_cm":447049,"minecraft:damage_blocked_by_shield":340,"minecraft:drop":69,"minecraft:talked_to_villager":1,"minecraft:play_time":134628,"minecraft:deaths":1,"minecraft:sneak_time":5794,"minecraft:walk_under_water_one_cm":10076,"minecraft:boat_one_cm":33673,"minecraft:jump":1897,"minecraft:interact_with_blast_furnace":5,"minecraft:walk_on_water_one_cm":12141,"minecraft:total_world_time":134628,"minecraft:interact_with_furnace":14,"minecraft:sleep_in_bed":13,"minecraft:time_since_rest":6263,"minecraft:damage_taken":2158,"minecraft:damage_dealt":6461,"minecraft:player_kills":1,"minecraft:swim_one_cm":50844,"minecraft:fly_one_cm":349043,"minecraft:open_chest":36,"minecraft:crouch_one_cm":11927,"minecraft:interact_with_smoker":6,"minecraft:fall_one_cm":48532},"minecraft:crafted":{"minecraft:golden_carrot":8,"minecraft:oak_planks":4,"minecraft:furnace":1,"minecraft:cooked_mutton":6,"minecraft:iron_axe":1,"minecraft:stone_pickaxe":1,"minecraft:spruce_boat":1,"minecraft:cooked_beef":8,"minecraft:cooked_porkchop":1,"minecraft:crafting_table":2,"minecraft:spruce_planks":52,"minecraft:wooden_pickaxe":1,"minecraft:mangrove_planks":12,"minecraft:stone_axe":1,"minecraft:air":0,"minecraft:gold_nugget":72,"minecraft:shield":1,"minecraft:stick":12,"minecraft:iron_ingot":13,"minecraft:torch":16,"adventurez:cooked_venison":3},"minecraft:used":{"minecraft:bone_block":1,"minecraft:spruce_planks":24,"minecraft:shield":11,"minecraft:iron_sword":179,"minecraft:rotten_flesh":1,"minecraft:dirt":5,"minecraft:spruce_boat":1,"minecraft:iron_axe":43,"minecraft:iron_boots":1,"supplementaries:bomb_blue":1,"minecraft:golden_carrot":2,"minecraft:hay_block":1,"minecraft:furnace":2,"minecraft:cooked_beef":8,"minecraft:light_gray_bed":2,"minecraft:cooked_mutton":5,"adventurez:cooked_venison":3,"minecraft:wooden_pickaxe":48,"naturalist:duck_egg":1,"minecraft:mossy_cobblestone":1,"minecraft:sand":13,"minecraft:crafting_table":6,"minecraft:black_wool":1,"minecraft:apple":3,"minecraft:bread":11,"minecraft:iron_pickaxe":278,"minecraft:leather_helmet":1,"minecraft:stone_axe":52,"minecraft:cobblestone":7,"minecraft:potion":1,"travelersbackpack:standard":1,"minecraft:purple_bed":11,"minecraft:cooked_porkchop":4,"minecraft:bucket":3,"minecraft:yellow_bed":1},"minecraft:mined":{"minecraft:spruce_planks":1,"minecraft:oak_sapling":1,"minecraft:mossy_cobblestone":12,"minecraft:jungle_leaves":14,"minecraft:grass_block":5,"minecraft:infested_cobblestone":4,"minecraft:light_gray_bed":1,"minecraft:spruce_leaves":9,"minecraft:moss_block":2,"minecraft:hay_block":28,"minecraft:spruce_sapling":2,"minecraft:furnace":2,"supplementaries:bamboo_spikes":7,"minecraft:andesite":1,"minecraft:mossy_stone_brick_stairs":1,"minecraft:stripped_oak_log":1,"minecraft:stone":35,"minecraft:bone_block":27,"minecraft:tripwire":5,"minecraft:smoker":1,"minecraft:crafting_table":5,"minecraft:cobblestone":17,"minecraft:sugar_cane":4,"minecraft:oak_planks":3,"minecraft:purple_bed":11,"minecraft:lilac":4,"minecraft:spruce_log":3,"minecraft:stone_brick_stairs":1,"minecraft:yellow_bed":1,"minecraft:grass":7,"minecraft:coal_ore":34,"minecraft:dirt":4,"minecraft:sand":14,"minecraft:mangrove_log":3,"minecraft:stone_bricks":5,"minecraft:dispenser":1,"minecraft:mossy_stone_bricks":6,"minecraft:oak_leaves":9,"minecraft:fern":2}},"DataVersion":3465}