{"stats":{"minecraft:dropped":{"minecraft:iron_ingot":5,"minecraft:bread":2,"minecraft:iron_sword":1,"minecraft:moss_block":2,"minecraft:sugar_cane":5,"minecraft:lilac":4,"minecraft:glass_bottle":1,"minecraft:diamond":2,"minecraft:raw_iron":20,"minecraft:oak_planks":8,"minecraft:leather":8,"minecraft:apple":1,"minecraft:cooked_mutton":3,"minecraft:grass_block":4,"minecraft:coal":5,"minecraft:flint":1,"minecraft:dirt":3,"supplementaries:rope_arrow":2,"minecraft:light_gray_bed":1,"minecraft:arrow":2,"minecraft:wooden_pickaxe":1,"minecraft:white_wool":4,"minecraft:gold_ingot":9},"minecraft:killed_by":{"minecraft:player":1},"minecraft:broken":{"minecraft:golden_leggings":1},"minecraft:killed":{"minecraft:pig":1,"naturalist:butterfly":1,"minecraft:spider":1,"minecraft:sheep":4,"minecraft:skeleton":8,"minecraft:pillager":1,"adventurez:deer":1,"minecraft:zombie":1,"minecraft:player":1,"minecraft:cow":5},"minecraft:custom":{"lootr:looted_stat":5,"minecraft:interact_with_furnace":14,"minecraft:mob_kills":26,"minecraft:interact_with_crafting_table":14,"minecraft:open_barrel":10,"minecraft:bell_ring":3,"minecraft:eat_cake_slice":3,"minecraft:leave_game":3,"minecraft:time_since_death":84552,"minecraft:sleep_in_bed":11,"minecraft:climb_one_cm":4370,"minecraft:time_since_rest":26081,"minecraft:sprint_one_cm":254523,"minecraft:damage_taken":1006,"minecraft:walk_one_cm":300725,"minecraft:damage_blocked_by_shield":85,"minecraft:drop":47,"minecraft:damage_dealt":3613,"minecraft:talked_to_villager":1,"minecraft:swim_one_cm":50844,"minecraft:fly_one_cm":256177,"minecraft:player_kills":1,"minecraft:open_chest":36,"minecraft:crouch_one_cm":6762,"minecraft:play_time":86628,"minecraft:deaths":1,"minecraft:sneak_time":3320,"minecraft:walk_under_water_one_cm":9665,"minecraft:boat_one_cm":16065,"minecraft:jump":1326,"minecraft:interact_with_smoker":6,"minecraft:walk_on_water_one_cm":11980,"minecraft:total_world_time":86628,"minecraft:fall_one_cm":33151},"minecraft:crafted":{"minecraft:cooked_beef":8,"minecraft:oak_planks":4,"minecraft:cooked_porkchop":1,"minecraft:crafting_table":2,"minecraft:spruce_planks":20,"minecraft:wooden_pickaxe":1,"minecraft:furnace":1,"minecraft:mangrove_planks":12,"minecraft:stone_axe":1,"minecraft:cooked_mutton":6,"minecraft:air":0,"minecraft:shield":1,"minecraft:iron_axe":1,"minecraft:stick":8,"minecraft:stone_pickaxe":1,"adventurez:cooked_venison":3},"minecraft:picked_up":{"minecraft:birch_log":37,"minecraft:stripped_oak_log":1,"minecraft:charcoal":1,"minecraft:crafting_table":4,"minecraft:lilac":4,"minecraft:leather":8,"minecraft:smoker":1,"supplementaries:rope_arrow":1,"minecraft:oak_log":13,"minecraft:yellow_bed":1,"minecraft:string":2,"minecraft:dirt":9,"minecraft:cooked_mutton":2,"minecraft:bone":2,"adventurez:raw_venison":3,"minecraft:spruce_planks":1,"minecraft:beef":8,"minecraft:moss_block":1,"minecraft:sugar_cane":18,"minecraft:oak_planks":7,"minecraft:iron_sword":1,"minecraft:mangrove_log":3,"minecraft:furnace":2,"minecraft:stick":27,"minecraft:stone":7,"minecraft:cooked_porkchop":3,"patchouli:guide_book":1,"minecraft:sand":14,"minecraft:porkchop":1,"minecraft:spruce_sapling":22,"minecraft:spruce_log":112,"minecraft:grass_block":4,"minecraft:spider_eye":1,"naturalist:duck_egg":1,"minecraft:mossy_cobblestone":1,"travelersbackpack:standard":1,"minecraft:light_gray_bed":3,"minecraft:arrow":4,"minecraft:purple_bed":9,"minecraft:rotten_flesh":3,"minecraft:diamond":1,"minecraft:hay_block":32,"minecraft:emerald":1,"minecraft:netherrack":7,"minecraft:oak_sapling":9,"minecraft:black_wool":1,"minecraft:mutton":6,"minecraft:coal":39,"minecraft:white_wool":4,"minecraft:cobblestone":23},"minecraft:used":{"minecraft:cooked_mutton":2,"adventurez:cooked_venison":2,"minecraft:shield":4,"minecraft:wooden_pickaxe":48,"minecraft:iron_sword":107,"minecraft:rotten_flesh":1,"naturalist:duck_egg":1,"minecraft:mossy_cobblestone":1,"minecraft:dirt":5,"minecraft:sand":13,"minecraft:crafting_table":4,"minecraft:black_wool":1,"minecraft:apple":3,"minecraft:iron_axe":23,"minecraft:bread":4,"minecraft:iron_pickaxe":117,"minecraft:leather_helmet":1,"minecraft:iron_boots":1,"minecraft:hay_block":1,"minecraft:stone_axe":52,"travelersbackpack:standard":1,"minecraft:cobblestone":7,"minecraft:potion":1,"minecraft:purple_bed":8,"minecraft:furnace":2,"minecraft:cooked_porkchop":4,"minecraft:yellow_bed":1,"minecraft:cooked_beef":4,"minecraft:light_gray_bed":2},"minecraft:mined":{"minecraft:oak_sapling":1,"minecraft:mossy_cobblestone":3,"minecraft:smoker":1,"minecraft:crafting_table":4,"minecraft:grass_block":5,"minecraft:light_gray_bed":1,"minecraft:spruce_leaves":9,"minecraft:oak_planks":3,"minecraft:sugar_cane":4,"minecraft:hay_block":28,"minecraft:purple_bed":8,"minecraft:spruce_sapling":2,"minecraft:furnace":2,"minecraft:lilac":4,"minecraft:spruce_log":3,"minecraft:andesite":1,"minecraft:yellow_bed":1,"minecraft:grass":5,"minecraft:coal_ore":34,"minecraft:sand":14,"minecraft:dirt":4,"minecraft:stripped_oak_log":1,"minecraft:mangrove_log":3,"minecraft:stone":35,"minecraft:oak_leaves":9,"minecraft:fern":1}},"DataVersion":3465}