{"stats":{"minecraft:killed":{"minecraft:sheep":2,"minecraft:player":1},"minecraft:dropped":{"minecraft:raw_iron":10,"minecraft:arrow":1},"minecraft:crafted":{"minecraft:crafting_table":1,"minecraft:stick":4,"minecraft:wooden_pickaxe":1,"minecraft:mangrove_planks":12},"minecraft:killed_by":{"minecraft:player":1},"minecraft:picked_up":{"patchouli:guide_book":1,"naturalist:duck_egg":1,"minecraft:arrow":1,"minecraft:purple_bed":3,"minecraft:light_gray_bed":1,"minecraft:rotten_flesh":1,"minecraft:black_wool":1,"minecraft:mutton":3,"minecraft:mangrove_log":3,"minecraft:white_wool":1},"minecraft:custom":{"minecraft:time_since_rest":9220,"minecraft:sprint_one_cm":51252,"minecraft:damage_taken":312,"minecraft:walk_one_cm":79245,"minecraft:mob_kills":2,"minecraft:drop":2,"minecraft:damage_dealt":414,"minecraft:interact_with_crafting_table":1,"minecraft:player_kills":1,"minecraft:fly_one_cm":70408,"minecraft:open_barrel":9,"minecraft:open_chest":7,"minecraft:crouch_one_cm":388,"minecraft:play_time":17241,"minecraft:sneak_time":91,"minecraft:deaths":1,"minecraft:walk_under_water_one_cm":106,"minecraft:jump":338,"minecraft:eat_cake_slice":3,"minecraft:leave_game":1,"minecraft:time_since_death":15165,"minecraft:walk_on_water_one_cm":355,"minecraft:sleep_in_bed":4,"minecraft:climb_one_cm":1893,"minecraft:total_world_time":17241,"minecraft:fall_one_cm":7234},"minecraft:used":{"minecraft:black_wool":1,"minecraft:iron_pickaxe":4,"minecraft:iron_boots":1,"minecraft:rotten_flesh":1,"naturalist:duck_egg":1,"minecraft:purple_bed":2,"minecraft:crafting_table":1,"minecraft:light_gray_bed":1},"minecraft:mined":{"minecraft:purple_bed":3,"minecraft:grass":3,"minecraft:light_gray_bed":1,"minecraft:mangrove_log":3}},"DataVersion":3465}