{"stats":{"minecraft:killed":{"minecraft:spider":4,"minecraft:skeleton":10,"minecraft:silverfish":3,"minecraft:drowned":1,"minecraft:husk":5,"minecraft:pig":1,"naturalist:butterfly":1,"minecraft:sheep":4,"minecraft:pillager":1,"adventurez:deer":1,"minecraft:zombie":3,"creeperoverhaul:ocean_creeper":3,"minecraft:player":1,"minecraft:cow":5},"minecraft:custom":{"minecraft:interact_with_smithing_table":2,"lootr:looted_stat":33,"minecraft:inspect_dropper":2,"minecraft:mob_kills":47,"minecraft:interact_with_crafting_table":33,"minecraft:open_barrel":10,"minecraft:bell_ring":3,"minecraft:eat_cake_slice":3,"minecraft:leave_game":4,"minecraft:time_since_death":25435,"minecraft:climb_one_cm":9800,"minecraft:sprint_one_cm":426076,"minecraft:walk_one_cm":578911,"minecraft:damage_blocked_by_shield":565,"minecraft:drop":142,"minecraft:talked_to_villager":1,"minecraft:play_time":205650,"minecraft:sneak_time":8758,"minecraft:deaths":3,"minecraft:walk_under_water_one_cm":49979,"minecraft:boat_one_cm":318213,"minecraft:jump":2550,"minecraft:interact_with_blast_furnace":5,"minecraft:walk_on_water_one_cm":30327,"minecraft:total_world_time":205650,"minecraft:interact_with_furnace":15,"minecraft:sleep_in_bed":16,"minecraft:time_since_rest":597,"minecraft:damage_taken":3771,"minecraft:damage_absorbed":9,"minecraft:damage_dealt":8590,"minecraft:player_kills":1,"minecraft:fly_one_cm":409553,"minecraft:swim_one_cm":133212,"minecraft:open_chest":61,"minecraft:crouch_one_cm":20979,"minecraft:interact_with_smoker":6,"minecraft:fall_one_cm":57457},"minecraft:used":{"minecraft:bone_block":1,"minecraft:chest":1,"minecraft:spruce_planks":24,"minecraft:shield":16,"minecraft:stone":69,"minecraft:iron_sword":235,"minecraft:rotten_flesh":1,"minecraft:iron_chestplate":1,"minecraft:torch":7,"minecraft:dirt":6,"minecraft:spruce_boat":5,"minecraft:iron_axe":55,"minecraft:iron_helmet":1,"minecraft:iron_boots":2,"minecraft:stone_bricks":3,"supplementaries:bomb_blue":1,"minecraft:golden_carrot":4,"minecraft:hay_block":1,"minecraft:furnace":2,"minecraft:cooked_beef":8,"minecraft:light_gray_bed":2,"minecraft:cooked_mutton":5,"adventurez:cooked_venison":3,"minecraft:wooden_pickaxe":48,"naturalist:duck_egg":1,"minecraft:golden_apple":1,"minecraft:mossy_cobblestone":1,"minecraft:sand":13,"supplementaries:bomb":1,"minecraft:crafting_table":11,"minecraft:diamond_pickaxe":246,"minecraft:black_wool":1,"minecraft:apple":5,"minecraft:bread":28,"minecraft:iron_pickaxe":594,"minecraft:leather_helmet":1,"minecraft:gravel":1,"minecraft:stone_axe":52,"minecraft:potion":1,"minecraft:cobblestone":19,"minecraft:purple_bed":13,"travelersbackpack:standard":5,"minecraft:cooked_porkchop":4,"minecraft:dark_oak_fence":1,"minecraft:bucket":3,"minecraft:yellow_bed":1},"minecraft:mined":{"minecraft:spruce_planks":1,"minecraft:oak_sapling":1,"minecraft:mossy_cobblestone":12,"minecraft:jungle_leaves":17,"minecraft:ladder":1,"minecraft:dark_oak_fence":1,"minecraft:grass_block":5,"minecraft:infested_cobblestone":4,"minecraft:light_gray_bed":1,"minecraft:spruce_leaves":9,"minecraft:moss_block":9,"minecraft:hay_block":35,"minecraft:spruce_sapling":2,"minecraft:furnace":2,"minecraft:dark_oak_trapdoor":1,"minecraft:iron_ore":2,"supplementaries:bamboo_spikes":7,"minecraft:andesite":1,"minecraft:moss_carpet":1,"minecraft:mossy_stone_brick_stairs":1,"minecraft:stripped_oak_log":1,"minecraft:stone":259,"minecraft:bone_block":29,"minecraft:tripwire":5,"minecraft:smoker":1,"travelersbackpack:standard":4,"minecraft:crafting_table":7,"minecraft:clay":11,"minecraft:torch":3,"minecraft:blast_furnace":1,"minecraft:tall_grass":1,"minecraft:cobblestone":32,"minecraft:sugar_cane":4,"minecraft:oak_planks":3,"minecraft:wall_torch":1,"supplementaries:urn":3,"minecraft:seagrass":4,"minecraft:purple_bed":13,"minecraft:mud":2,"minecraft:lilac":4,"minecraft:spruce_log":6,"minecraft:yellow_bed":1,"minecraft:stone_brick_stairs":1,"minecraft:grass":8,"minecraft:coal_ore":40,"minecraft:gravel":6,"minecraft:sand":14,"minecraft:dirt":14,"minecraft:mangrove_log":3,"minecraft:dispenser":1,"minecraft:stone_bricks":5,"minecraft:mossy_stone_bricks":6,"minecraft:oak_leaves":9,"minecraft:fern":2},"minecraft:dropped":{"minecraft:iron_ingot":22,"minecraft:enchanted_book":2,"minecraft:iron_sword":1,"minecraft:moss_block":7,"minecraft:lapis_lazuli":3,"supplementaries:bamboo_spikes":7,"minecraft:lilac":4,"minecraft:diamond":2,"minecraft:glass_bottle":1,"minecraft:ender_pearl":2,"minecraft:iron_helmet":1,"minecraft:cobblestone":94,"minecraft:glow_item_frame":1,"minecraft:apple":5,"minecraft:leather":8,"travelersbackpack:iron_tier_upgrade":1,"minecraft:grass_block":4,"minecraft:coal":48,"minecraft:emerald":2,"minecraft:red_mushroom":5,"minecraft:flint":1,"minecraft:dirt":4,"minecraft:golden_carrot":4,"minecraft:torch":21,"minecraft:tnt_minecart":2,"minecraft:fire_charge":2,"minecraft:bone_block":26,"minecraft:amethyst_shard":30,"minecraft:gold_nugget":8,"minecraft:bone_meal":8,"minecraft:mud":3,"minecraft:gold_ingot":36,"minecraft:bucket":2,"minecraft:string":32,"minecraft:white_wool":4,"minecraft:bone":2,"minecraft:sugar_cane":18,"artifacts:kitty_slippers":1,"minecraft:wheat":650,"minecraft:diamond_hoe":1,"minecraft:birch_sapling":2,"minecraft:raw_iron":20,"minecraft:rotten_flesh":2,"minecraft:oak_planks":11,"minecraft:cooked_mutton":3,"minecraft:name_tag":2,"minecraft:golden_shovel":1,"minecraft:blast_furnace":1,"minecraft:potato":6,"minecraft:stone":56,"supplementaries:rope_arrow":2,"minecraft:ladder":1,"minecraft:charcoal":1,"minecraft:light_gray_bed":1,"minecraft:diamond_pickaxe":1,"minecraft:spruce_planks":13,"minecraft:iron_chestplate":1,"artifacts:pocket_piston":1,"minecraft:purple_bed":1,"minecraft:oak_sapling":10,"minecraft:spider_eye":2,"minecraft:spruce_log":34,"minecraft:wooden_pickaxe":1,"minecraft:arrow":8,"minecraft:stone_pickaxe":1,"minecraft:iron_ore":64,"minecraft:raw_gold":5,"minecraft:vex_armor_trim_smithing_template":1,"minecraft:netherrack":7,"minecraft:bread":66},"minecraft:killed_by":{"minecraft:husk":1,"minecraft:player":1,"creeperoverhaul:ocean_creeper":1},"minecraft:broken":{"minecraft:golden_leggings":1},"minecraft:picked_up":{"minecraft:mud":3,"minecraft:charcoal":1,"minecraft:iron_chestplate":4,"minecraft:crafting_table":7,"minecraft:wheat":346,"minecraft:ladder":1,"minecraft:clay_ball":88,"minecraft:enchanted_book":2,"minecraft:shield":3,"minecraft:string":42,"minecraft:iron_axe":1,"minecraft:wooden_sword":1,"minecraft:iron_leggings":3,"minecraft:tnt_minecart":3,"minecraft:gold_nugget":102,"minecraft:bucket":2,"minecraft:spruce_planks":7,"artifacts:aqua_dashers":2,"minecraft:beef":8,"minecraft:jungle_sapling":1,"minecraft:iron_pickaxe":2,"minecraft:sugar_cane":44,"minecraft:mangrove_log":3,"minecraft:diamond_hoe":1,"minecraft:iron_boots":3,"minecraft:furnace":2,"minecraft:stick":30,"minecraft:stone":275,"minecraft:glow_item_frame":1,"minecraft:torch":54,"travelersbackpack:iron_tier_upgrade":1,"minecraft:fire_charge":1,"minecraft:porkchop":1,"simplyswords:iron_cutlass":2,"minecraft:arrow":12,"minecraft:light_gray_bed":3,"minecraft:rotten_flesh":8,"minecraft:tropical_fish":2,"minecraft:vex_armor_trim_smithing_template":4,"minecraft:hay_block":39,"minecraft:gold_ingot":47,"minecraft:saddle":2,"minecraft:glistering_melon_slice":11,"artifacts:pocket_piston":4,"minecraft:bone_block":77,"minecraft:cod":2,"minecraft:mutton":6,"minecraft:obsidian":1,"minecraft:cobblestone":415,"minecraft:rail":1,"minecraft:white_wool":5,"minecraft:birch_log":37,"minecraft:stripped_oak_log":1,"minecraft:lilac":4,"artifacts:digging_claws":1,"minecraft:leather":10,"minecraft:smoker":1,"minecraft:potato":12,"supplementaries:rope_arrow":1,"minecraft:oak_log":13,"minecraft:magenta_bed":2,"minecraft:yellow_bed":1,"minecraft:lapis_lazuli":6,"minecraft:dirt":28,"minecraft:name_tag":4,"minecraft:cooked_mutton":2,"minecraft:bone":2,"minecraft:apple":16,"minecraft:stone_bricks":6,"minecraft:raw_gold":15,"adventurez:raw_venison":3,"minecraft:iron_ingot":84,"travelersbackpack:bee":2,"minecraft:iron_ore":140,"artifacts:kitty_slippers":2,"minecraft:mossy_stone_bricks":5,"minecraft:moss_block":6,"minecraft:mossy_stone_brick_stairs":1,"minecraft:iron_sword":2,"minecraft:oak_planks":10,"minecraft:cooked_porkchop":3,"patchouli:guide_book":1,"minecraft:gravel":1,"minecraft:sand":14,"minecraft:spruce_sapling":22,"minecraft:blast_furnace":3,"minecraft:grass_block":4,"minecraft:spruce_log":189,"minecraft:spider_eye":2,"naturalist:duck_egg":1,"minecraft:mossy_cobblestone":5,"travelersbackpack:standard":8,"minecraft:purple_bed":15,"supplementaries:bamboo_spikes":7,"minecraft:diamond":3,"minecraft:spruce_boat":3,"minecraft:iron_helmet":4,"minecraft:crossbow":2,"minecraft:bone_meal":14,"minecraft:golden_apple":1,"minecraft:emerald":28,"minecraft:bread":243,"minecraft:oak_sapling":36,"minecraft:black_wool":1,"minecraft:netherrack":7,"minecraft:dark_oak_fence":1,"minecraft:coal":160,"minecraft:ender_pearl":4},"minecraft:crafted":{"minecraft:golden_carrot":8,"minecraft:oak_planks":4,"minecraft:furnace":1,"minecraft:cooked_mutton":6,"minecraft:iron_axe":1,"minecraft:stone_pickaxe":1,"minecraft:chest":1,"minecraft:spruce_boat":3,"minecraft:wheat":249,"minecraft:cooked_beef":8,"minecraft:cooked_porkchop":1,"minecraft:crafting_table":5,"minecraft:spruce_planks":88,"minecraft:wooden_pickaxe":1,"minecraft:mangrove_planks":12,"minecraft:stone_axe":1,"minecraft:bread":44,"minecraft:air":0,"minecraft:gold_nugget":72,"minecraft:shield":1,"minecraft:stick":12,"minecraft:iron_ingot":13,"minecraft:torch":16,"adventurez:cooked_venison":3}},"DataVersion":3465}