{"stats":{"minecraft:killed":{"minecraft:spider":4,"minecraft:skeleton":11,"minecraft:silverfish":3,"minecraft:illusioner":4,"minecraft:parrot":1,"minecraft:pig":1,"minecraft:sheep":4,"minecraft:pillager":2,"minecraft:zombie":3,"minecraft:cow":5,"minecraft:vindicator":19,"minecraft:drowned":1,"minecraft:husk":5,"naturalist:butterfly":1,"adventurez:deer":1,"creeperoverhaul:ocean_creeper":3,"minecraft:player":1},"minecraft:custom":{"lootr:looted_stat":96,"minecraft:interact_with_crafting_table":46,"minecraft:open_barrel":10,"minecraft:bell_ring":3,"minecraft:eat_cake_slice":3,"minecraft:leave_game":6,"minecraft:time_since_death":104512,"minecraft:sprint_one_cm":664341,"minecraft:damage_blocked_by_shield":2540,"minecraft:drop":198,"minecraft:talked_to_villager":1,"minecraft:play_time":319488,"minecraft:deaths":5,"minecraft:jump":4048,"minecraft:walk_on_water_one_cm":54906,"minecraft:interact_with_furnace":15,"minecraft:sleep_in_bed":23,"minecraft:damage_dealt":14185,"minecraft:player_kills":1,"minecraft:crouch_one_cm":36489,"minecraft:interact_with_smoker":6,"minecraft:interact_with_smithing_table":5,"minecraft:inspect_dropper":2,"minecraft:interact_with_anvil":4,"minecraft:mob_kills":74,"minecraft:climb_one_cm":27252,"minecraft:walk_one_cm":962415,"minecraft:sneak_time":17120,"minecraft:walk_under_water_one_cm":62093,"minecraft:boat_one_cm":370225,"minecraft:interact_with_blast_furnace":5,"minecraft:total_world_time":319488,"minecraft:time_since_rest":3647,"minecraft:damage_absorbed":9,"minecraft:damage_taken":5774,"minecraft:swim_one_cm":149717,"minecraft:fly_one_cm":625491,"minecraft:open_chest":89,"minecraft:fall_one_cm":91137},"minecraft:used":{"minecraft:bone_block":1,"minecraft:ladder":20,"minecraft:chest":19,"minecraft:shield":67,"minecraft:stone":117,"minecraft:iron_sword":357,"minecraft:rotten_flesh":1,"minecraft:iron_chestplate":1,"simplyswords:diamond_rapier":20,"minecraft:spruce_boat":5,"minecraft:birch_sapling":1,"minecraft:iron_helmet":1,"minecraft:dark_oak_leaves":62,"minecraft:stone_bricks":3,"supplementaries:bomb_blue":1,"minecraft:hay_block":1,"minecraft:furnace":2,"adventurez:cooked_venison":3,"minecraft:wooden_pickaxe":48,"naturalist:duck_egg":1,"minecraft:oak_leaves":36,"minecraft:golden_apple":1,"minecraft:sand":13,"minecraft:blast_furnace":1,"minecraft:shears":452,"minecraft:dark_oak_log":6,"minecraft:bread":66,"minecraft:gravel":1,"minecraft:smithing_table":1,"minecraft:dark_oak_fence":1,"minecraft:bone_meal":21,"minecraft:spruce_planks":24,"minecraft:torch":162,"minecraft:dirt":20,"minecraft:anvil":1,"minecraft:iron_axe":175,"minecraft:iron_boots":2,"minecraft:golden_carrot":4,"minecraft:cooked_beef":8,"minecraft:pumpkin":2,"minecraft:light_gray_bed":2,"minecraft:cooked_mutton":5,"minecraft:mossy_cobblestone":1,"minecraft:crafting_table":16,"minecraft:red_bed":3,"supplementaries:bomb":1,"minecraft:smoker":1,"minecraft:oak_log":1,"minecraft:diamond_pickaxe":268,"minecraft:black_wool":1,"minecraft:apple":5,"minecraft:iron_pickaxe":594,"minecraft:leather_helmet":1,"minecraft:spruce_sapling":5,"minecraft:stone_axe":52,"minecraft:cobblestone":24,"minecraft:potion":1,"travelersbackpack:standard":7,"minecraft:purple_bed":15,"minecraft:cooked_porkchop":4,"minecraft:bucket":3,"minecraft:yellow_bed":1},"minecraft:dropped":{"minecraft:iron_sword":1,"minecraft:moss_block":7,"minecraft:lapis_lazuli":3,"minecraft:baked_potato":8,"minecraft:ender_pearl":2,"minecraft:glass_bottle":1,"minecraft:diamond":2,"minecraft:glow_item_frame":1,"minecraft:leather":8,"minecraft:honeycomb":9,"travelersbackpack:iron_tier_upgrade":1,"travelersbackpack:standard":1,"minecraft:emerald":2,"minecraft:red_mushroom":5,"minecraft:flint":1,"minecraft:dirt":4,"minecraft:tnt_minecart":2,"minecraft:gold_nugget":8,"minecraft:bone_block":37,"minecraft:amethyst_shard":30,"minecraft:bone_meal":30,"minecraft:dark_oak_planks":1,"minecraft:white_wool":5,"minecraft:gold_ingot":36,"minecraft:bone":2,"minecraft:sugar_cane":18,"minecraft:wheat":650,"minecraft:birch_sapling":2,"minecraft:rotten_flesh":2,"minecraft:oak_planks":14,"minecraft:cooked_mutton":3,"minecraft:golden_shovel":1,"minecraft:charcoal":7,"minecraft:ladder":1,"minecraft:iron_ore":64,"minecraft:arrow":15,"minecraft:netherrack":7,"minecraft:iron_ingot":22,"minecraft:enchanted_book":2,"minecraft:bread":98,"supplementaries:bamboo_spikes":7,"minecraft:lilac":4,"minecraft:feather":1,"minecraft:iron_helmet":1,"minecraft:cobblestone":157,"minecraft:apple":5,"minecraft:tropical_fish":2,"minecraft:grass_block":4,"minecraft:coal":68,"minecraft:golden_carrot":4,"minecraft:torch":85,"minecraft:melon_slice":3,"minecraft:fire_charge":2,"minecraft:mud":3,"minecraft:string":42,"minecraft:bucket":3,"minecraft:spruce_sapling":12,"minecraft:kelp":1,"minecraft:player_head":1,"artifacts:kitty_slippers":1,"minecraft:diamond_hoe":1,"minecraft:raw_iron":20,"minecraft:name_tag":2,"minecraft:blast_furnace":1,"minecraft:potato":6,"minecraft:stone":77,"supplementaries:rope_arrow":2,"minecraft:spruce_planks":166,"minecraft:diamond_pickaxe":1,"minecraft:iron_chestplate":1,"minecraft:purple_bed":1,"minecraft:light_gray_bed":1,"artifacts:pocket_piston":1,"minecraft:oak_sapling":19,"minecraft:golden_sword":2,"minecraft:spider_eye":2,"minecraft:spruce_log":34,"minecraft:stone_pickaxe":1,"minecraft:wooden_pickaxe":1,"minecraft:raw_gold":5,"minecraft:vex_armor_trim_smithing_template":1},"minecraft:mined":{"minecraft:dark_oak_planks":4,"minecraft:spruce_planks":8,"minecraft:oak_sapling":3,"minecraft:jungle_leaves":17,"minecraft:grass_block":6,"minecraft:infested_cobblestone":4,"minecraft:light_gray_bed":1,"minecraft:frosted_ice":6,"minecraft:spawner":8,"minecraft:dark_oak_trapdoor":1,"minecraft:iron_ore":2,"minecraft:pumpkin":1,"minecraft:moss_carpet":1,"minecraft:dark_oak_stairs":2,"minecraft:tripwire":5,"minecraft:red_bed":1,"minecraft:kelp_plant":1,"minecraft:smoker":1,"minecraft:clay":11,"minecraft:torch":6,"minecraft:dark_oak_wood":1,"minecraft:blast_furnace":1,"minecraft:melon":1,"minecraft:chest":10,"minecraft:cobblestone":32,"minecraft:sugar_cane":4,"minecraft:oak_planks":4,"minecraft:wall_torch":3,"minecraft:birch_sapling":1,"minecraft:seagrass":4,"minecraft:mud":2,"minecraft:birch_log":3,"minecraft:wheat":1,"minecraft:lilac":4,"minecraft:stone_brick_stairs":1,"minecraft:grass":21,"minecraft:oak_log":15,"minecraft:sand":14,"minecraft:dirt":14,"minecraft:mangrove_log":3,"minecraft:dispenser":1,"minecraft:oak_leaves":82,"minecraft:red_carpet":1,"minecraft:mossy_cobblestone":12,"minecraft:dark_oak_leaves":197,"minecraft:dark_oak_log":24,"minecraft:dark_oak_fence":1,"minecraft:ladder":7,"minecraft:spruce_leaves":9,"minecraft:moss_block":9,"minecraft:hay_block":35,"minecraft:spruce_sapling":2,"minecraft:furnace":2,"supplementaries:bamboo_spikes":7,"minecraft:andesite":1,"minecraft:mossy_stone_brick_stairs":1,"minecraft:stripped_oak_log":1,"minecraft:stone":261,"minecraft:bone_block":29,"travelersbackpack:standard":4,"minecraft:crafting_table":8,"minecraft:tall_grass":1,"supplementaries:urn":3,"minecraft:spruce_stairs":1,"minecraft:purple_bed":14,"minecraft:spruce_log":6,"minecraft:yellow_bed":1,"minecraft:coal_ore":41,"minecraft:gravel":6,"minecraft:stone_bricks":5,"minecraft:mossy_stone_bricks":6,"minecraft:fern":2},"minecraft:killed_by":{"minecraft:vindicator":2,"creeperoverhaul:ocean_creeper":1,"minecraft:husk":1,"minecraft:player":1},"minecraft:broken":{"minecraft:shears":1,"minecraft:golden_leggings":1,"minecraft:shield":1,"minecraft:iron_axe":1},"minecraft:crafted":{"minecraft:oak_planks":148,"minecraft:cooked_mutton":6,"minecraft:chest":9,"minecraft:cooked_porkchop":1,"minecraft:crafting_table":9,"minecraft:spruce_planks":224,"minecraft:wooden_pickaxe":1,"travelersbackpack:standard":1,"minecraft:smithing_table":1,"minecraft:birch_planks":20,"minecraft:shield":1,"minecraft:stick":164,"minecraft:iron_ingot":13,"minecraft:iron_block":3,"minecraft:shears":2,"minecraft:golden_carrot":8,"minecraft:furnace":1,"minecraft:bone_meal":6,"minecraft:iron_axe":3,"minecraft:ladder":63,"minecraft:stone_pickaxe":1,"minecraft:spruce_boat":3,"minecraft:dark_oak_planks":4,"minecraft:wheat":249,"minecraft:cooked_beef":8,"minecraft:mangrove_planks":12,"minecraft:stone_axe":1,"minecraft:bread":44,"minecraft:air":0,"minecraft:gold_nugget":72,"minecraft:anvil":1,"minecraft:torch":180,"adventurez:cooked_venison":3},"minecraft:picked_up":{"minecraft:iron_chestplate":6,"minecraft:wheat":346,"minecraft:enchanted_book":4,"minecraft:golden_sword":2,"minecraft:string":62,"minecraft:iron_leggings":4,"minecraft:tnt_minecart":3,"minecraft:gold_nugget":102,"minecraft:bucket":3,"minecraft:dark_oak_leaves":157,"minecraft:spruce_planks":28,"artifacts:aqua_dashers":2,"minecraft:iron_pickaxe":3,"minecraft:melon_slice":3,"minecraft:mangrove_log":3,"minecraft:iron_boots":5,"minecraft:furnace":2,"minecraft:stick":91,"minecraft:torch":127,"travelersbackpack:iron_tier_upgrade":3,"minecraft:porkchop":1,"minecraft:light_gray_bed":3,"minecraft:rotten_flesh":8,"minecraft:tropical_fish":4,"minecraft:vex_armor_trim_smithing_template":4,"minecraft:obsidian":1,"minecraft:cod":6,"minecraft:cobblestone":480,"minecraft:birch_log":80,"minecraft:feather":5,"minecraft:lilac":4,"minecraft:smoker":1,"minecraft:potato":12,"minecraft:magenta_bed":2,"minecraft:lapis_lazuli":6,"minecraft:dirt":42,"minecraft:name_tag":6,"minecraft:bone":4,"minecraft:wheat_seeds":2,"adventurez:raw_venison":3,"minecraft:raw_gold":15,"travelersbackpack:bee":2,"minecraft:mossy_stone_bricks":5,"minecraft:moss_block":6,"minecraft:oak_planks":25,"minecraft:mossy_stone_brick_stairs":1,"minecraft:cooked_porkchop":3,"patchouli:guide_book":1,"minecraft:sand":14,"minecraft:grass_block":4,"minecraft:dark_oak_log":24,"naturalist:duck_egg":1,"minecraft:mossy_cobblestone":5,"supplementaries:bamboo_spikes":7,"minecraft:diamond":3,"minecraft:spruce_boat":4,"minecraft:crossbow":3,"minecraft:bone_meal":51,"minecraft:golden_apple":1,"minecraft:bread":305,"minecraft:emerald":41,"minecraft:oak_sapling":100,"minecraft:netherrack":7,"minecraft:dark_oak_fence":1,"minecraft:oak_leaves":68,"minecraft:diamond_pickaxe":1,"minecraft:charcoal":9,"minecraft:mud":3,"minecraft:crafting_table":8,"minecraft:ladder":7,"minecraft:clay_ball":88,"friendsandfoes:totem_of_illusion":5,"minecraft:shield":3,"minecraft:red_bed":3,"minecraft:iron_axe":2,"minecraft:wooden_sword":1,"minecraft:beef":8,"minecraft:player_head":2,"minecraft:jungle_sapling":1,"minecraft:sugar_cane":57,"minecraft:chest":10,"minecraft:birch_sapling":29,"minecraft:diamond_hoe":2,"minecraft:dark_oak_sapling":5,"minecraft:stone":337,"minecraft:glow_item_frame":1,"minecraft:fire_charge":1,"simplyswords:iron_cutlass":2,"minecraft:dark_oak_planks":5,"minecraft:arrow":22,"minecraft:hay_block":39,"artifacts:pocket_piston":5,"minecraft:glistering_melon_slice":11,"minecraft:saddle":2,"minecraft:gold_ingot":78,"minecraft:mutton":6,"minecraft:rail":1,"minecraft:white_wool":5,"minecraft:bone_block":103,"minecraft:stripped_oak_log":1,"artifacts:digging_claws":2,"minecraft:leather":12,"supplementaries:rope_arrow":1,"minecraft:oak_log":140,"minecraft:yellow_bed":1,"minecraft:cooked_mutton":2,"minecraft:apple":22,"minecraft:stone_bricks":6,"minecraft:kelp":1,"minecraft:iron_ingot":84,"minecraft:iron_ore":204,"artifacts:kitty_slippers":2,"minecraft:iron_sword":4,"minecraft:dark_oak_stairs":2,"minecraft:pumpkin":2,"minecraft:gravel":1,"minecraft:spruce_sapling":22,"minecraft:blast_furnace":4,"minecraft:spruce_log":223,"minecraft:spider_eye":2,"travelersbackpack:standard":9,"minecraft:purple_bed":17,"minecraft:iron_helmet":5,"minecraft:painting":1,"minecraft:baked_potato":8,"minecraft:black_wool":1,"minecraft:coal":219,"minecraft:ender_pearl":6}},"DataVersion":3465}